CustomerID,Gender,Age,Region,MembershipLevel,VisitCount,AveragePurchaseAmount,TotalPurchaseAmount,SatisfactionScore,LastPurchaseDate,CouponUsed,PreferredCategory,SignupDate,Email,PurchaseStatus,AgeGroup,PurchaseGrade,RecenctPurchaseDays,SignedDays,AmountPerVisit
CUST101486,F,40.0,Seoul,Silver,5,75000.0,139800.0,3.7,2026-02-07,N,Beauty,2022-12-03,customer1486@example.com,0,40,1,114,1276,27960
CUST100113,M,39.0,Gyeonggi,Basic,7,74400.0,159200.0,4.8,2026-04-22,N,Home,2021-07-16,customer113@example.com,1,30,1,40,1781,22742
CUST101212,M,44.0,Daegu,Vip,7,153900.0,413200.0,4.5,2026-05-07,N,Home,2021-10-27,customer1212@example.com,1,40,2,25,1678,59028
CUST100312,M,37.0,Gyeonggi,Basic,14,123700.0,576000.0,4.0,2026-04-16,N,Home,2025-11-08,customer312@example.com,1,30,3,46,205,41142
CUST100600,F,47.0,Daejeon,Vip,10,246700.0,1060200.0,2.6,2026-01-31,Y,Beauty,2025-01-28,customer600@example.com,1,40,3,121,489,106020
CUST100050,M,26.0,Busan,Silver,3,43900.0,40700.0,4.1,2026-01-21,Y,Home,2021-07-01,customer50@example.com,0,20,1,131,1796,13566
CUST101364,M,56.0,Daejeon,Gold,7,210800.0,443500.0,5.0,2026-06-12,Y,Food,2024-05-03,customer1364@example.com,1,50,2,-11,759,63357
CUST100518,M,42.0,Seoul,Basic,6,81700.0,70700.0,2.4,2026-03-19,N,Fashion,2023-10-13,customer518@example.com,0,40,1,74,962,11783
CUST100037,F,53.0,Gyeonggi,Basic,10,153900.0,629800.0,4.4,2026-02-18,N,Electronics,2024-09-05,customer37@example.com,1,50,3,103,634,62980
CUST101156,M,23.0,Gyeonggi,Basic,12,67700.0,451500.0,4.2,2026-03-31,Y,Home,2022-06-12,customer1156@example.com,1,20,2,62,1450,37625
CUST101054,M,34.0,Seoul,Gold,10,123400.0,378100.0,2.7,2026-05-04,N,Beauty,2021-07-04,customer1054@example.com,1,30,2,28,1793,37810
CUST100375,M,34.0,Daejeon,Basic,13,148300.0,609500.0,3.3,2026-04-24,Y,Fashion,2021-08-28,customer375@example.com,0,30,3,38,1738,46884
CUST100673,M,39.0,Seoul,Gold,9,130800.0,269800.0,3.6,2026-01-26,N,Sports,2022-06-06,customer673@example.com,1,30,2,126,1456,29977
CUST100626,M,46.0,Gyeonggi,Silver,13,135000.0,879100.0,4.4,2026-05-15,N,Food,2020-07-25,customer626@example.com,1,40,3,17,2137,67623
CUST100747,M,52.0,Busan,Silver,6,103800.0,209600.0,2.2,2026-05-01,Y,Home,2025-03-03,customer747@example.com,0,50,2,31,455,34933
CUST100629,F,47.0,Seoul,Silver,6,95700.0,107500.0,5.0,2026-01-17,Y,Beauty,2021-04-16,customer629@example.com,0,40,1,135,1872,17916
CUST101271,F,31.0,Seoul,Basic,13,51500.0,350700.0,4.0,2026-06-02,N,Fashion,2023-11-26,customer1271@example.com,0,30,2,-1,918,26976
CUST100741,F,46.0,Gyeonggi,Basic,8,147500.0,534600.0,4.0,2026-06-15,Y,Beauty,2025-08-12,customer741@example.com,1,40,3,-14,293,66825
CUST100757,M,37.0,Seoul,Basic,5,5000.0,10300.0,3.8,2026-06-29,N,Sports,2023-10-28,customer757@example.com,0,30,1,-28,947,2060
CUST100561,M,44.0,Daegu,Silver,9,87400.0,194800.0,3.9,2026-05-17,N,Home,2021-06-28,customer561@example.com,0,40,2,15,1799,21644
CUST101393,M,53.0,Seoul,Gold,10,117500.0,448300.0,3.5,2026-06-15,N,Beauty,2025-02-28,customer1393@example.com,1,50,2,-14,458,44830
CUST100140,M,29.0,Busan,Silver,9,174700.0,378900.0,2.5,2026-02-03,Y,Electronics,2024-01-05,customer140@example.com,0,20,2,118,878,42100
CUST100883,F,43.0,Gyeonggi,Basic,7,113600.0,360500.0,3.9,2026-01-15,Y,Sports,2022-02-13,customer883@example.com,0,40,2,137,1569,51500
CUST100658,F,50.0,Seoul,Basic,4,53600.0,98500.0,3.8,2026-06-12,N,Food,2022-07-26,customer658@example.com,0,50,1,-11,1406,24625
CUST100195,F,18.0,Seoul,Basic,7,32000.0,114300.0,4.8,2026-06-12,N,Fashion,2025-11-17,customer195@example.com,0,10,1,-11,196,16328
CUST100201,M,45.0,Gyeonggi,Gold,13,222500.0,998300.0,2.7,2026-04-02,N,Home,2024-08-08,customer201@example.com,1,40,3,60,662,76792
CUST100803,F,25.0,Seoul,Basic,10,114400.0,434400.0,3.4,2026-05-23,Y,Food,2020-08-18,customer803@example.com,1,20,2,9,2113,43440
CUST100148,M,57.0,Incheon,Silver,9,99600.0,207200.0,2.9,2026-05-26,N,Food,2021-04-07,customer148@example.com,0,50,2,6,1881,23022
CUST101071,F,56.0,Daejeon,Basic,10,87700.0,320000.0,2.4,2026-05-28,Y,Sports,2025-01-01,customer1071@example.com,0,50,2,4,516,32000
CUST100419,F,20.0,Seoul,Basic,6,102300.0,225100.0,2.2,2026-06-11,N,Fashion,2023-08-19,customer419@example.com,0,20,2,-10,1017,37516
CUST100567,F,54.0,Seoul,Basic,9,145500.0,469900.0,4.5,2026-05-07,N,Sports,2020-07-31,customer567@example.com,1,50,2,25,2131,52211
CUST100783,M,22.0,Gyeonggi,Basic,4,49700.0,42300.0,2.2,2026-03-19,N,Fashion,2024-07-22,customer783@example.com,0,20,1,74,679,10575
CUST101360,M,42.0,Seoul,Gold,7,137900.0,143200.0,3.1,2026-04-29,Y,Food,2023-06-07,customer1360@example.com,0,40,1,33,1090,20457
CUST101252,M,46.0,Busan,Basic,9,97500.0,498600.0,5.0,2025-12-07,Y,Beauty,2020-08-21,customer1252@example.com,0,40,2,176,2110,55400
CUST101204,M,51.0,Seoul,Silver,7,140300.0,276100.0,2.6,2026-06-04,N,Home,2021-11-10,customer1204@example.com,0,50,2,-3,1664,39442
CUST100911,F,25.0,Seoul,Gold,12,145900.0,642700.0,3.4,2026-06-21,N,Beauty,2023-11-16,customer911@example.com,1,20,3,-20,928,53558
CUST100343,F,42.0,Gyeonggi,Basic,5,23100.0,45100.0,4.1,2026-01-23,N,Fashion,2022-10-24,customer343@example.com,0,40,1,129,1316,9020
CUST100259,M,26.0,Seoul,Gold,12,112600.0,366200.0,4.1,2025-11-15,N,Food,2024-01-08,customer259@example.com,0,20,2,198,875,30516
CUST100056,F,21.0,Seoul,Basic,10,73400.0,166300.0,4.7,2026-04-13,N,Fashion,2023-01-17,customer56@example.com,0,20,1,49,1231,16630
CUST100405,F,41.0,Daejeon,Silver,7,110900.0,197500.0,4.2,2026-04-25,N,Beauty,2025-09-27,customer405@example.com,1,40,2,37,247,28214
CUST100053,M,44.0,Busan,Basic,6,117900.0,209800.0,3.7,2026-05-31,N,Fashion,2020-08-20,customer53@example.com,1,40,2,1,2111,34966
CUST101233,F,44.0,Gyeonggi,Gold,8,135800.0,237800.0,4.0,2026-05-25,Y,Fashion,2022-07-03,customer1233@example.com,1,40,2,7,1429,29725
CUST100522,M,46.0,Gwangju,Basic,14,145600.0,660300.0,4.4,2026-02-07,Y,Fashion,2025-10-20,customer522@example.com,1,40,3,114,224,47164
CUST100978,M,28.0,Daegu,Basic,14,131700.0,1060200.0,4.1,2026-03-08,N,Fashion,2022-06-24,customer978@example.com,1,20,3,85,1438,75728
CUST100261,M,25.0,Incheon,Vip,4,156600.0,314300.0,3.7,2026-05-20,Y,Sports,2025-05-15,customer261@example.com,1,20,2,12,382,78575
CUST100459,F,47.0,Daejeon,Basic,4,5000.0,10700.0,3.8,2026-05-30,N,Home,2022-12-18,customer459@example.com,0,40,1,2,1261,2675
CUST100283,F,38.0,Seoul,Silver,8,101300.0,363900.0,3.6,2026-04-18,N,Sports,2024-06-22,customer283@example.com,0,30,2,44,709,45487
CUST100599,M,29.0,Daegu,Vip,10,241900.0,645200.0,3.6,2026-04-21,N,Food,2021-12-31,customer599@example.com,1,20,3,41,1613,64520
CUST100888,F,54.0,Busan,Silver,8,195400.0,858800.0,3.4,2026-05-12,N,Electronics,2024-12-14,customer888@example.com,1,50,3,20,534,107350
CUST101370,M,38.0,Gyeonggi,Basic,13,190800.0,1060200.0,3.3,2026-03-09,N,Electronics,2025-05-15,customer1370@example.com,1,30,3,84,382,81553
CUST100554,F,49.0,Gyeonggi,Silver,12,116900.0,378300.0,3.2,2026-01-02,Y,Electronics,2021-06-10,customer554@example.com,0,40,2,150,1817,31525
CUST100848,F,27.0,Gwangju,Vip,16,246700.0,1060200.0,4.3,2026-04-28,Y,Beauty,2020-10-06,customer848@example.com,1,20,3,34,2064,66262
CUST101052,M,47.0,Gwangju,Gold,5,136500.0,408100.0,2.4,2026-05-18,Y,Home,2022-04-02,customer1052@example.com,1,40,2,14,1521,81620
CUST100127,F,39.0,Daegu,Basic,6,13700.0,28100.0,2.8,2026-04-30,N,Home,2023-09-26,customer127@example.com,0,30,1,32,979,4683
CUST100311,F,46.0,Busan,Basic,7,108700.0,319900.0,5.0,2026-04-22,N,Food,2020-11-13,customer311@example.com,0,40,2,40,2026,45700
CUST100828,F,50.0,Incheon,Basic,15,112500.0,810200.0,4.2,2026-04-23,Y,Fashion,2021-07-29,customer828@example.com,1,50,3,39,1768,54013
CUST100425,M,22.0,Gyeonggi,Basic,10,103200.0,228800.0,4.9,2026-06-20,N,Sports,2025-03-30,customer425@example.com,1,20,2,-19,428,22880
CUST101257,M,43.0,Gwangju,Basic,13,154600.0,452600.0,3.2,2026-04-04,N,Fashion,2023-04-09,customer1257@example.com,1,40,2,58,1149,34815
CUST100520,M,43.0,Gwangju,Basic,9,96100.0,337200.0,3.2,2026-04-29,Y,Home,2022-08-11,customer520@example.com,1,40,2,33,1390,37466
CUST101042,M,27.0,Incheon,Basic,10,95800.0,322600.0,3.9,2025-11-30,N,Food,2025-12-04,customer1042@example.com,1,20,2,183,179,32260
CUST100115,M,51.0,Gyeonggi,Silver,7,116900.0,475900.0,4.8,2026-05-23,Y,Sports,2023-01-26,customer115@example.com,1,50,2,9,1222,67985
CUST100966,F,40.0,Busan,Basic,4,86500.0,156000.0,3.1,2026-05-25,N,Food,2022-02-13,customer966@example.com,0,40,1,7,1569,39000
CUST100898,M,39.0,Seoul,Silver,6,51300.0,159700.0,2.7,2026-06-22,N,Fashion,2020-07-21,customer898@example.com,0,30,1,-21,2141,26616
CUST100865,F,39.0,Gyeonggi,Vip,9,209200.0,445200.0,3.4,2026-04-08,Y,Sports,2025-03-17,customer865@example.com,1,30,2,54,441,49466
CUST100158,M,37.0,Seoul,Vip,10,213600.0,597100.0,3.9,2026-02-06,N,Food,2024-07-09,customer158@example.com,1,30,3,115,692,59710
CUST100480,M,50.0,Seoul,Basic,6,87600.0,89000.0,4.3,2026-05-03,N,Beauty,2024-05-02,customer480@example.com,0,50,1,29,760,14833
CUST100734,M,39.0,Gyeonggi,Silver,9,110000.0,245700.0,3.3,2026-03-29,N,Home,2023-09-23,customer734@example.com,0,30,2,64,982,27300
CUST101379,M,62.0,Busan,Basic,7,45100.0,97400.0,4.2,2026-04-19,N,Sports,2025-06-24,customer1379@example.com,0,60,1,43,342,13914
CUST100206,M,27.0,Gyeonggi,Silver,14,132800.0,628300.0,3.6,2026-04-11,Y,Sports,2024-05-18,customer206@example.com,0,20,3,51,744,44878
CUST101293,F,43.0,Busan,Basic,5,172000.0,483700.0,4.1,2026-05-11,Y,Electronics,2024-02-12,customer1293@example.com,1,40,2,21,840,96740
CUST100042,F,44.0,Seoul,Silver,5,131000.0,288900.0,2.7,2026-04-20,N,Fashion,2022-10-15,customer42@example.com,0,40,2,42,1325,57780
CUST100252,M,46.0,Gyeonggi,Basic,7,117500.0,231400.0,4.2,2026-04-04,Y,Fashion,2024-12-29,customer252@example.com,1,40,2,58,519,33057
CUST100411,M,24.0,Gyeonggi,Gold,10,155700.0,276800.0,3.6,2026-04-17,Y,Sports,2022-03-31,customer411@example.com,1,20,2,45,1523,27680
CUST100891,F,37.0,Daegu,Basic,4,44300.0,1060200.0,3.7,2026-02-08,Y,Beauty,2025-04-26,customer891@example.com,0,30,3,113,401,265050
CUST100884,M,22.0,Incheon,Basic,12,87500.0,517800.0,4.7,2026-02-11,Y,Fashion,2024-06-21,customer884@example.com,0,20,2,110,710,43150
CUST100469,M,30.0,Gyeonggi,Silver,17,212700.0,701600.0,3.9,2025-12-21,Y,Electronics,2022-12-23,customer469@example.com,1,30,3,162,1256,41270
CUST101073,F,40.0,Seoul,Gold,9,102000.0,464800.0,3.7,2026-03-01,N,Home,2020-11-07,customer1073@example.com,1,40,2,92,2032,51644
CUST100463,F,41.0,Gwangju,Gold,9,44900.0,149500.0,2.4,2026-04-20,N,Fashion,2023-06-03,customer463@example.com,0,40,1,42,1094,16611
CUST100299,F,36.0,Incheon,Basic,12,95400.0,517600.0,3.2,2026-03-24,N,Food,2022-05-22,customer299@example.com,1,30,2,69,1471,43133
CUST101254,F,28.0,Gyeonggi,Basic,9,117500.0,404200.0,5.0,2026-06-05,Y,Food,2021-09-27,customer1254@example.com,1,20,2,-4,1708,44911
CUST100146,F,33.0,Gyeonggi,Basic,8,117500.0,47900.0,2.3,2026-05-29,Y,Food,2024-04-30,customer146@example.com,0,30,1,3,762,5987
CUST100701,M,34.0,Busan,Basic,7,124400.0,408900.0,4.3,2026-05-31,Y,Beauty,2020-08-10,customer701@example.com,1,30,2,1,2121,58414
CUST100590,F,46.0,Daegu,Silver,10,122600.0,675000.0,3.1,2026-01-30,Y,Food,2021-06-09,customer590@example.com,0,40,3,122,1818,67500
CUST101337,M,23.0,Seoul,Basic,8,46900.0,92600.0,3.7,2026-05-16,N,Fashion,2025-06-15,customer1337@example.com,0,20,1,16,351,11575
CUST101301,F,22.0,Gyeonggi,Gold,8,180100.0,335600.0,3.4,2026-04-29,N,Electronics,2021-10-13,customer1301@example.com,1,20,2,33,1692,41950
CUST100103,M,37.0,Daejeon,Basic,5,69900.0,178900.0,4.2,2026-03-22,N,Food,2025-05-26,customer103@example.com,1,30,1,71,371,35780
CUST100527,F,41.0,Seoul,Basic,7,50000.0,98800.0,3.3,2026-04-17,N,Home,2022-11-21,customer527@example.com,0,40,1,45,1288,14114
CUST100791,F,34.0,Busan,Silver,12,207400.0,1060200.0,3.3,2026-02-09,Y,Sports,2021-07-04,customer791@example.com,1,30,3,112,1793,88350
CUST101372,F,25.0,Seoul,Silver,8,59900.0,221100.0,4.6,2026-03-28,N,Food,2025-12-16,customer1372@example.com,1,20,2,65,167,27637
CUST101218,F,63.0,Seoul,Gold,8,127200.0,439700.0,4.0,2026-03-06,N,Beauty,2024-07-22,customer1218@example.com,1,60,2,87,679,54962
CUST100214,F,38.0,Seoul,Vip,11,235200.0,811300.0,3.3,2026-06-07,N,Electronics,2023-11-02,customer214@example.com,1,30,3,-6,942,73754
CUST100870,F,37.0,Seoul,Basic,9,50100.0,163900.0,4.5,2026-03-15,Y,Beauty,2024-02-06,customer870@example.com,0,30,1,78,846,18211
CUST100349,F,35.0,Seoul,Gold,9,165400.0,814500.0,3.7,2026-05-29,Y,Home,2025-01-31,customer349@example.com,1,30,3,3,486,90500
CUST101196,M,39.0,Gyeonggi,Gold,12,91500.0,176900.0,3.8,2026-02-01,Y,Food,2020-10-16,customer1196@example.com,1,30,1,120,2054,14741
CUST101258,F,31.0,Gyeonggi,Basic,3,5000.0,5600.0,3.7,2026-05-31,Y,Home,2024-12-24,customer1258@example.com,0,30,1,1,524,1866
CUST100991,M,39.0,Seoul,Silver,11,169800.0,389500.0,3.9,2026-01-15,N,Fashion,2023-06-01,customer991@example.com,0,30,2,137,1096,35409
CUST100598,M,50.0,Gwangju,Silver,10,126100.0,262700.0,2.2,2026-05-12,N,Beauty,2020-09-14,customer598@example.com,0,50,2,20,2086,26270
CUST100455,M,34.0,Seoul,Silver,17,116300.0,121000.0,3.0,2026-03-14,Y,Fashion,2025-10-25,customer455@example.com,0,30,1,79,219,7117
CUST100307,M,39.0,Seoul,Gold,7,145300.0,394300.0,2.5,2026-03-07,N,Fashion,2023-08-01,customer307@example.com,0,30,2,86,1035,56328
CUST100914,M,34.0,Daejeon,Basic,9,56000.0,52300.0,3.7,2026-03-13,N,Food,2025-11-15,customer914@example.com,0,30,1,80,198,5811
CUST100014,M,50.0,Daegu,Silver,12,162300.0,1060200.0,4.1,2026-03-06,Y,Electronics,2025-12-21,customer14@example.com,1,50,3,87,162,88350
CUST100046,M,26.0,Gwangju,Silver,10,150400.0,460200.0,4.7,2026-05-07,Y,Fashion,2022-07-14,customer46@example.com,1,20,2,25,1418,46020
CUST101057,M,31.0,Gyeonggi,Basic,7,103500.0,286300.0,3.3,2026-05-17,N,Food,2025-12-24,customer1057@example.com,0,30,2,15,159,40900
CUST100592,F,38.0,Seoul,Silver,11,133800.0,833100.0,4.6,2026-05-28,N,Beauty,2022-02-26,customer592@example.com,1,30,3,4,1556,75736
CUST100625,F,33.0,Gyeonggi,Silver,10,106500.0,465300.0,4.5,2026-03-07,Y,Home,2025-06-28,customer625@example.com,1,30,2,86,338,46530
CUST101043,F,31.0,Seoul,Vip,6,246700.0,777400.0,3.2,2026-05-24,Y,Food,2021-11-13,customer1043@example.com,1,30,3,8,1661,129566
CUST101190,M,45.0,Gyeonggi,Basic,4,64700.0,118600.0,4.3,2026-05-23,Y,Home,2024-08-11,customer1190@example.com,0,40,1,9,659,29650
CUST100595,M,42.0,Gyeonggi,Basic,10,143400.0,728100.0,3.0,2026-04-28,N,Food,2021-08-17,customer595@example.com,0,40,3,34,1749,72810
CUST100391,M,41.0,Seoul,Silver,8,146900.0,406900.0,3.2,2026-05-18,Y,Food,2023-11-27,customer391@example.com,1,40,2,14,917,50862
CUST100501,F,47.0,Daegu,Silver,11,92600.0,417900.0,4.4,2026-04-28,N,Food,2021-05-15,customer501@example.com,1,40,2,34,1843,37990
CUST100218,F,32.0,Seoul,Basic,16,154200.0,475100.0,2.7,2026-05-23,N,Home,2025-06-09,customer218@example.com,1,30,2,9,357,29693
CUST100576,M,42.0,Daejeon,Gold,5,202000.0,390900.0,4.4,2026-04-09,Y,Beauty,2023-04-07,customer576@example.com,1,40,2,53,1151,78180
CUST100117,M,28.0,Seoul,Basic,8,48500.0,160000.0,3.7,2026-03-30,N,Electronics,2024-12-09,customer117@example.com,1,20,1,63,539,20000
CUST100766,M,49.0,Gyeonggi,Gold,7,205300.0,217500.0,4.5,2026-03-08,Y,Home,2021-03-07,customer766@example.com,1,40,2,85,1912,31071
CUST100647,F,53.0,Incheon,Gold,9,162200.0,485300.0,4.3,2026-04-04,N,Food,2025-04-21,customer647@example.com,1,50,2,58,406,53922
CUST101132,M,18.0,Seoul,Gold,7,129100.0,120300.0,3.5,2026-06-20,N,Fashion,2023-08-14,customer1132@example.com,0,10,1,-19,1022,17185
CUST100001,M,60.0,Gyeonggi,Basic,9,106900.0,475000.0,4.2,2026-05-31,N,Home,2024-09-25,customer1@example.com,1,60,2,1,614,52777
CUST100061,F,48.0,Daegu,Vip,15,174800.0,747800.0,3.2,2026-06-25,N,Beauty,2021-09-29,customer61@example.com,1,40,3,-24,1706,49853
CUST101460,M,53.0,Gyeonggi,Silver,10,133400.0,364900.0,3.1,2026-02-19,N,Home,2021-04-26,customer1460@example.com,0,50,2,102,1862,36490
CUST100325,F,51.0,Gwangju,Gold,11,198400.0,1060200.0,3.3,2026-01-26,N,Food,2025-11-13,customer325@example.com,1,50,3,126,200,96381
CUST100019,M,33.0,Gyeonggi,Basic,9,72100.0,313900.0,3.7,2026-02-12,N,Beauty,2022-03-02,customer19@example.com,0,30,2,109,1552,34877
CUST101200,F,18.0,Busan,Basic,9,61300.0,196000.0,3.0,2025-12-15,N,Fashion,2025-05-23,customer1200@example.com,0,10,2,168,374,21777
CUST101056,F,44.0,Busan,Silver,10,96600.0,450400.0,1.8,2025-12-24,N,Home,2021-02-11,customer1056@example.com,0,40,2,159,1936,45040
CUST100890,M,38.0,Busan,Basic,8,71000.0,186500.0,3.6,2026-05-21,Y,Beauty,2023-06-12,customer890@example.com,0,30,2,11,1085,23312
CUST100077,F,57.0,Gwangju,Silver,17,117500.0,711200.0,2.7,2026-05-05,Y,Electronics,2024-12-09,customer77@example.com,1,50,3,27,539,41835
CUST100495,F,50.0,Gyeonggi,Basic,11,108600.0,298300.0,3.7,2026-02-20,N,Sports,2023-03-11,customer495@example.com,1,50,2,101,1178,27118
CUST100780,F,52.0,Seoul,Basic,14,21500.0,142600.0,2.1,2026-05-06,N,Food,2022-12-18,customer780@example.com,0,50,1,26,1261,10185
CUST100924,F,38.0,Incheon,Basic,12,126400.0,646800.0,4.4,2026-01-05,Y,Fashion,2021-03-18,customer924@example.com,1,30,3,147,1901,53900
CUST100358,F,41.0,Gyeonggi,Basic,8,66300.0,120700.0,4.5,2026-04-04,Y,Fashion,2023-09-22,customer358@example.com,0,40,1,58,983,15087
CUST100797,F,43.0,Incheon,Silver,9,117500.0,322000.0,3.7,2026-06-05,N,Beauty,2024-09-15,customer797@example.com,0,40,2,-4,624,35777
CUST100029,F,42.0,Daegu,Basic,4,65900.0,1060200.0,3.7,2026-01-12,Y,Electronics,2023-02-17,customer29@example.com,0,40,3,140,1200,265050
CUST101035,F,40.0,Seoul,Silver,11,137700.0,581100.0,3.8,2026-06-21,Y,Fashion,2022-08-10,customer1035@example.com,1,40,3,-20,1391,52827
CUST100012,F,32.0,Seoul,Basic,8,91500.0,236200.0,4.8,2026-05-03,Y,Fashion,2025-12-18,customer12@example.com,1,30,2,29,165,29525
CUST100742,F,42.0,Gyeonggi,Silver,12,117500.0,428500.0,2.1,2026-05-30,N,Home,2023-02-08,customer742@example.com,1,40,2,2,1209,35708
CUST100387,F,32.0,Seoul,Basic,6,49700.0,54300.0,2.2,2026-01-17,N,Sports,2024-01-15,customer387@example.com,0,30,1,135,868,9050
CUST100243,M,23.0,Gyeonggi,Basic,12,54400.0,117200.0,5.0,2026-05-23,N,Food,2024-12-22,customer243@example.com,0,20,1,9,526,9766
CUST100235,M,18.0,Gyeonggi,Basic,5,28900.0,31300.0,4.8,2026-04-08,N,Fashion,2022-06-24,customer235@example.com,0,10,1,54,1438,6260
CUST100453,F,39.0,Gyeonggi,Gold,12,171200.0,339400.0,3.2,2026-06-24,N,Fashion,2024-08-10,customer453@example.com,1,30,2,-23,660,28283
CUST100102,F,56.0,Daejeon,Silver,11,86600.0,198800.0,4.9,2026-06-04,N,Fashion,2021-08-09,customer102@example.com,1,50,2,-3,1757,18072
CUST100422,F,46.0,Gyeonggi,Gold,13,133700.0,374300.0,3.6,2026-04-05,N,Beauty,2021-04-19,customer422@example.com,1,40,2,57,1869,28792
CUST100530,M,38.0,Gyeonggi,Gold,11,118300.0,439300.0,3.7,2026-03-24,Y,Sports,2022-04-15,customer530@example.com,1,30,2,69,1508,39936
CUST101145,M,36.0,Daegu,Basic,9,27100.0,75000.0,3.3,2026-04-19,N,Home,2020-09-18,customer1145@example.com,1,30,1,43,2082,8333
CUST100031,F,52.0,Seoul,Basic,16,117500.0,1060200.0,3.3,2026-03-29,N,Fashion,2024-05-20,customer31@example.com,1,50,3,64,742,66262
CUST101061,F,32.0,Daejeon,Basic,12,113000.0,595700.0,4.5,2026-04-24,Y,Sports,2025-02-12,customer1061@example.com,1,30,3,38,474,49641
CUST100948,M,29.0,Daejeon,Silver,6,10500.0,23400.0,2.5,2026-03-16,N,Fashion,2025-02-01,customer948@example.com,0,20,1,77,485,3900
CUST101195,M,48.0,Gwangju,Gold,8,112500.0,486700.0,3.3,2026-04-05,N,Food,2025-06-30,customer1195@example.com,1,40,2,57,336,60837
CUST100802,F,56.0,Seoul,Gold,11,144000.0,654000.0,2.3,2026-06-01,Y,Beauty,2021-10-06,customer802@example.com,0,50,3,0,1699,59454
CUST100310,F,61.0,Incheon,Basic,9,45500.0,92200.0,3.3,2026-06-02,Y,Sports,2025-03-28,customer310@example.com,0,60,1,-1,430,10244
CUST100631,M,39.0,Seoul,Silver,6,66100.0,70600.0,3.8,2026-06-16,N,Fashion,2023-09-14,customer631@example.com,0,30,1,-15,991,11766
CUST100543,F,35.0,Gyeonggi,Basic,6,101700.0,190400.0,3.2,2026-02-27,Y,Electronics,2024-05-27,customer543@example.com,0,30,2,94,735,31733
CUST100846,F,36.0,Daejeon,Basic,9,150800.0,438100.0,2.7,2026-05-29,N,Beauty,2021-05-12,customer846@example.com,1,30,2,3,1846,48677
CUST100080,M,23.0,Seoul,Silver,9,154000.0,294700.0,2.4,2026-06-01,Y,Food,2022-11-16,customer80@example.com,0,20,2,0,1293,32744
CUST100877,M,31.0,Daegu,Basic,9,117500.0,359600.0,3.1,2026-03-11,N,Fashion,2024-12-07,customer877@example.com,0,30,2,82,541,39955
CUST100762,M,50.0,Seoul,Silver,6,114700.0,229400.0,4.1,2026-06-06,N,Food,2022-12-14,customer762@example.com,0,50,2,-5,1265,38233
CUST100149,F,38.0,Gwangju,Gold,5,240000.0,440500.0,3.4,2026-01-08,Y,Electronics,2024-09-15,customer149@example.com,1,30,2,144,624,88100
CUST100718,F,42.0,Seoul,Silver,11,83400.0,481600.0,3.8,2026-02-19,Y,Home,2022-07-15,customer718@example.com,1,40,2,102,1417,43781
CUST100584,M,34.0,Seoul,Basic,16,91800.0,283000.0,3.6,2025-08-29,N,Food,2024-09-13,customer584@example.com,1,30,2,276,626,17687
CUST100689,M,50.0,Gyeonggi,Silver,7,61200.0,136300.0,3.6,2026-06-04,N,Food,2024-08-17,customer689@example.com,0,50,1,-3,653,19471
CUST100951,F,40.0,Busan,Basic,11,89600.0,571000.0,2.3,2026-03-02,Y,Food,2023-12-19,customer951@example.com,1,40,3,91,895,51909
CUST100707,F,29.0,Seoul,Basic,6,95300.0,184900.0,4.5,2026-05-28,Y,Beauty,2021-08-24,customer707@example.com,0,20,2,4,1742,30816
CUST100032,M,54.0,Daegu,Silver,9,125800.0,585100.0,3.4,2026-05-19,N,Fashion,2025-10-05,customer32@example.com,1,50,3,13,239,65011
CUST100674,M,51.0,Daegu,Basic,13,73700.0,157500.0,3.8,2026-03-12,N,Sports,2024-10-25,customer674@example.com,1,50,1,81,584,12115
CUST100068,F,47.0,Daejeon,Vip,9,246700.0,717100.0,3.1,2026-05-13,N,Home,2025-12-11,customer68@example.com,1,40,3,19,172,79677
CUST100216,M,39.0,Incheon,Gold,9,188000.0,742200.0,4.0,2026-06-01,N,Home,2023-05-16,customer216@example.com,1,30,3,0,1112,82466
CUST101454,F,33.0,Seoul,Basic,9,125600.0,549200.0,3.4,2026-04-20,Y,Beauty,2020-08-13,customer1454@example.com,0,30,3,42,2118,61022
CUST100557,M,31.0,Gwangju,Gold,3,137100.0,289900.0,5.0,2026-05-18,N,Home,2024-08-20,customer557@example.com,1,30,2,14,650,96633
CUST100650,F,22.0,Daejeon,Basic,8,72200.0,131200.0,4.0,2026-04-21,N,Fashion,2022-12-28,customer650@example.com,0,20,1,41,1251,16400
CUST100118,F,58.0,Seoul,Vip,8,135300.0,134900.0,3.0,2026-01-19,Y,Fashion,2023-12-09,customer118@example.com,1,50,1,133,905,16862
CUST100417,F,35.0,Daegu,Basic,14,119800.0,679800.0,4.6,2026-03-26,Y,Electronics,2021-09-18,customer417@example.com,1,30,3,67,1717,48557
CUST100832,F,53.0,Gyeonggi,Gold,11,74400.0,265800.0,5.0,2026-05-11,N,Sports,2021-07-27,customer832@example.com,1,50,2,21,1770,24163
CUST101157,F,36.0,Seoul,Basic,9,58900.0,55000.0,1.1,2026-05-09,Y,Food,2025-11-26,customer1157@example.com,0,30,1,23,187,6111
CUST100639,M,38.0,Gyeonggi,Basic,17,131200.0,661800.0,2.5,2026-05-12,Y,Home,2024-03-01,customer639@example.com,1,30,3,20,822,38929
CUST100333,F,29.0,Gyeonggi,Basic,9,43700.0,93100.0,4.8,2026-05-18,N,Food,2023-01-22,customer333@example.com,1,20,1,14,1226,10344
CUST100957,M,34.0,Incheon,Basic,9,145900.0,271200.0,3.4,2025-12-24,Y,Beauty,2021-01-26,customer957@example.com,0,30,2,159,1952,30133
CUST101319,F,44.0,Daejeon,Basic,11,95700.0,309200.0,4.3,2026-06-06,N,Fashion,2020-10-26,customer1319@example.com,1,40,2,-5,2044,28109
CUST100180,F,34.0,Gyeonggi,Silver,11,162500.0,852300.0,2.9,2026-04-12,Y,Beauty,2021-09-26,customer180@example.com,0,30,3,50,1709,77481
CUST101407,F,29.0,Incheon,Gold,8,173400.0,487300.0,3.5,2026-02-02,Y,Home,2022-11-01,customer1407@example.com,1,20,2,119,1308,60912
CUST100098,M,38.0,Gyeonggi,Basic,9,36000.0,103000.0,2.9,2026-06-04,N,Food,2025-10-12,customer98@example.com,0,30,1,-3,232,11444
CUST100015,M,33.0,Gwangju,Basic,17,178400.0,1060200.0,3.7,2026-05-22,Y,Electronics,2022-02-19,customer15@example.com,1,30,3,10,1563,62364
CUST100256,F,26.0,Seoul,Vip,13,147600.0,942000.0,3.4,2026-02-02,N,Food,2022-01-06,customer256@example.com,1,20,3,119,1607,72461
CUST100227,M,47.0,Seoul,Basic,9,56400.0,196400.0,3.7,2026-06-22,Y,Home,2021-08-05,customer227@example.com,0,40,2,-21,1761,21822
CUST100072,M,56.0,Gyeonggi,Basic,7,83600.0,237400.0,3.9,2026-04-10,N,Home,2025-08-18,customer72@example.com,0,50,2,52,287,33914
CUST100027,F,27.0,Gwangju,Silver,8,147300.0,491600.0,3.4,2026-06-16,N,Electronics,2024-06-21,customer27@example.com,0,20,2,-15,710,61450
CUST100565,M,26.0,Seoul,Gold,17,242400.0,1060200.0,3.5,2026-04-11,Y,Fashion,2024-03-14,customer565@example.com,1,20,3,51,809,62364
CUST100017,M,25.0,Seoul,Vip,11,180600.0,598800.0,4.1,2026-01-05,N,Fashion,2021-02-27,customer17@example.com,1,20,3,147,1920,54436
CUST100323,M,26.0,Daegu,Silver,4,138900.0,139600.0,3.1,2026-06-23,Y,Home,2022-03-30,customer323@example.com,0,20,1,-22,1524,34900
CUST100412,M,53.0,Seoul,Basic,10,130000.0,595400.0,4.1,2026-04-27,Y,Electronics,2025-01-01,customer412@example.com,1,50,3,35,516,59540
CUST101074,F,43.0,Seoul,Gold,12,184500.0,549000.0,2.8,2026-06-21,Y,Beauty,2020-07-20,customer1074@example.com,1,40,3,-20,2142,45750
CUST100768,M,46.0,Daegu,Basic,7,145500.0,128600.0,3.3,2026-05-03,Y,Electronics,2025-02-01,customer768@example.com,1,40,1,29,485,18371
CUST100193,F,18.0,Daejeon,Silver,7,106100.0,107800.0,4.0,2026-04-04,N,Electronics,2024-01-10,customer193@example.com,0,10,1,58,873,15400
CUST100245,M,39.0,Incheon,Basic,6,47700.0,43500.0,3.9,2026-05-08,Y,Fashion,2022-12-30,customer245@example.com,1,30,1,24,1249,7250
CUST100321,F,45.0,Seoul,Basic,7,97400.0,97700.0,3.3,2026-06-12,Y,Home,2024-07-06,customer321@example.com,0,40,1,-11,695,13957
CUST100985,F,45.0,Seoul,Gold,7,134400.0,460100.0,3.9,2026-04-30,N,Fashion,2022-03-05,customer985@example.com,0,40,2,32,1549,65728
CUST101256,M,32.0,Busan,Gold,12,201500.0,1060200.0,3.9,2026-05-16,N,Fashion,2024-12-20,customer1256@example.com,1,30,3,16,528,88350
CUST101006,M,47.0,Seoul,Vip,4,235100.0,520300.0,1.6,2026-05-15,N,Electronics,2023-03-31,customer1006@example.com,0,40,2,17,1158,130075
CUST101116,F,35.0,Gyeonggi,Basic,12,89600.0,372200.0,3.9,2026-04-27,N,Food,2024-01-28,customer1116@example.com,1,30,2,35,855,31016
CUST101059,F,52.0,Gyeonggi,Basic,7,121700.0,265700.0,4.1,2026-03-10,Y,Sports,2021-05-04,customer1059@example.com,0,50,2,83,1854,37957
CUST101491,M,18.0,Seoul,Basic,9,108000.0,275900.0,2.0,2026-04-07,Y,Electronics,2021-10-04,customer1491@example.com,0,10,2,55,1701,30655
CUST100197,M,34.0,Daejeon,Basic,8,5000.0,10300.0,3.7,2026-05-15,N,Sports,2022-08-11,customer197@example.com,0,30,1,17,1390,1287
CUST100546,M,36.0,Daegu,Basic,13,124400.0,216600.0,3.4,2026-02-24,N,Food,2020-07-25,customer546@example.com,0,30,2,97,2137,16661
CUST101259,F,33.0,Gyeonggi,Silver,10,154000.0,343100.0,5.0,2026-05-13,N,Fashion,2021-02-26,customer1259@example.com,0,30,2,19,1921,34310
CUST100801,M,36.0,Incheon,Silver,11,124900.0,275100.0,3.0,2026-05-28,Y,Sports,2023-03-23,customer801@example.com,0,30,2,4,1166,25009
CUST100156,F,50.0,Seoul,Basic,9,204800.0,457300.0,4.3,2026-05-08,Y,Electronics,2025-05-21,customer156@example.com,1,50,2,24,376,50811
CUST100821,F,25.0,Seoul,Basic,3,125400.0,108500.0,5.0,2026-04-14,N,Electronics,2023-09-04,customer821@example.com,0,20,1,48,1001,36166
CUST100772,F,31.0,Incheon,Silver,7,127000.0,366300.0,3.5,2026-05-27,N,Beauty,2025-05-12,customer772@example.com,1,30,2,5,385,52328
CUST101021,F,53.0,Gyeonggi,Gold,11,129500.0,1060200.0,4.7,2026-06-08,N,Fashion,2025-05-31,customer1021@example.com,1,50,3,-7,366,96381
CUST100594,M,30.0,Gyeonggi,Basic,6,81300.0,280100.0,3.4,2026-05-04,Y,Fashion,2021-11-21,customer594@example.com,1,30,2,28,1653,46683
CUST100638,F,36.0,Seoul,Silver,6,75800.0,143100.0,4.0,2026-04-23,N,Food,2022-04-23,customer638@example.com,0,30,1,39,1500,23850
CUST101153,F,40.0,Incheon,Basic,10,139800.0,782300.0,3.4,2026-02-18,N,Fashion,2022-07-05,customer1153@example.com,1,40,3,103,1427,78230
CUST100228,F,36.0,Seoul,Basic,4,78900.0,160600.0,4.1,2026-05-14,Y,Food,2023-02-04,customer228@example.com,0,30,1,18,1213,40150
CUST100725,F,43.0,Seoul,Silver,9,141700.0,476800.0,3.5,2026-06-08,N,Beauty,2023-10-14,customer725@example.com,0,40,2,-7,961,52977
CUST101250,F,41.0,Gwangju,Silver,9,167200.0,366800.0,3.1,2026-04-27,Y,Electronics,2021-01-04,customer1250@example.com,0,40,2,35,1974,40755
CUST101292,F,50.0,Seoul,Silver,11,115900.0,373200.0,3.7,2026-04-06,Y,Home,2023-06-17,customer1292@example.com,0,50,2,56,1080,33927
CUST101010,M,56.0,Incheon,Basic,5,14400.0,28800.0,3.0,2026-01-27,N,Fashion,2023-08-23,customer1010@example.com,0,50,1,125,1013,5760
CUST100472,M,21.0,Seoul,Basic,9,64100.0,164900.0,3.6,2026-02-13,Y,Fashion,2024-10-11,customer472@example.com,0,20,1,108,598,18322
CUST100276,M,47.0,Busan,Silver,6,169800.0,175500.0,3.5,2026-06-17,Y,Electronics,2021-02-12,customer276@example.com,1,40,1,-16,1935,29250
CUST101266,F,30.0,Gwangju,Silver,13,106100.0,330400.0,3.7,2026-06-10,N,Food,2021-05-12,customer1266@example.com,0,30,2,-9,1846,25415
CUST100231,F,57.0,Incheon,Basic,13,85200.0,442700.0,4.0,2026-05-04,Y,Sports,2021-06-07,customer231@example.com,1,50,2,28,1820,34053
CUST101095,F,26.0,Seoul,Silver,5,92100.0,101500.0,4.9,2026-05-20,N,Food,2022-07-07,customer1095@example.com,0,20,1,12,1425,20300
CUST101497,M,36.0,Incheon,Gold,10,136300.0,652200.0,3.7,2026-03-18,Y,Home,2025-01-11,customer1497@example.com,0,30,3,75,506,65220
CUST100664,F,57.0,Seoul,Basic,14,66800.0,281200.0,3.0,2026-05-09,Y,Home,2021-10-10,customer664@example.com,0,50,2,23,1695,20085
CUST100789,M,51.0,Gyeonggi,Basic,8,74300.0,234700.0,4.1,2026-03-12,N,Beauty,2020-07-13,customer789@example.com,0,50,2,81,2149,29337
CUST101247,M,25.0,Daejeon,Basic,8,99600.0,93700.0,4.1,2026-05-08,Y,Electronics,2024-04-04,customer1247@example.com,1,20,1,24,788,11712
CUST100556,F,38.0,Seoul,Basic,9,71700.0,156900.0,4.0,2026-04-11,N,Fashion,2020-12-22,customer556@example.com,0,30,1,51,1987,17433
CUST100286,M,18.0,Seoul,Silver,16,102300.0,831200.0,3.0,2026-04-05,N,Fashion,2025-01-26,customer286@example.com,0,10,3,57,491,51950
CUST100977,F,33.0,Busan,Basic,8,46000.0,163900.0,5.0,2026-03-29,Y,Beauty,2025-04-05,customer977@example.com,1,30,1,64,422,20487
CUST100641,F,38.0,Daejeon,Silver,12,149900.0,302600.0,3.4,2026-05-23,N,Fashion,2024-07-16,customer641@example.com,0,30,2,9,685,25216
CUST100082,F,36.0,Daejeon,Gold,7,143100.0,399500.0,3.4,2026-05-11,Y,Fashion,2020-09-23,customer82@example.com,0,30,2,21,2077,57071
CUST101437,M,53.0,Daejeon,Basic,9,94900.0,384200.0,4.1,2026-05-25,N,Fashion,2022-12-23,customer1437@example.com,0,50,2,7,1256,42688
CUST100569,F,42.0,Gyeonggi,Basic,6,59100.0,118800.0,4.5,2026-04-12,N,Food,2022-05-05,customer569@example.com,0,40,1,50,1488,19800
CUST100285,M,52.0,Daejeon,Gold,6,99800.0,175200.0,2.0,2026-06-06,N,Home,2023-05-04,customer285@example.com,0,50,1,-5,1124,29200
CUST101144,F,26.0,Seoul,Vip,8,143000.0,612500.0,4.1,2026-03-12,Y,Sports,2021-03-18,customer1144@example.com,1,20,3,81,1901,76562
CUST101453,F,23.0,Daegu,Vip,8,174500.0,350100.0,4.0,2026-03-30,N,Sports,2025-02-11,customer1453@example.com,1,20,2,63,475,43762
CUST101067,F,18.0,Seoul,Basic,7,95800.0,216200.0,1.8,2026-02-10,Y,Electronics,2022-06-10,customer1067@example.com,0,10,2,111,1452,30885
CUST100593,F,33.0,Gyeonggi,Basic,14,214200.0,761200.0,3.7,2026-05-09,N,Beauty,2025-07-20,customer593@example.com,1,30,3,23,316,54371
CUST100597,F,26.0,Gyeonggi,Gold,10,192400.0,710900.0,4.5,2025-11-25,N,Sports,2020-09-14,customer597@example.com,1,20,3,188,2086,71090
CUST101289,F,39.0,Daegu,Silver,14,69500.0,259800.0,1.6,2026-05-25,Y,Home,2023-05-20,customer1289@example.com,1,30,2,7,1108,18557
CUST100044,F,40.0,Busan,Vip,14,196100.0,1060200.0,4.4,2026-05-18,Y,Fashion,2021-02-02,customer44@example.com,1,40,3,14,1945,75728
CUST100272,M,33.0,Gyeonggi,Gold,7,111100.0,205600.0,3.7,2026-04-05,N,Fashion,2025-07-24,customer272@example.com,1,30,2,57,312,29371
CUST101450,M,41.0,Busan,Basic,6,35100.0,40100.0,3.1,2026-05-29,Y,Sports,2024-02-27,customer1450@example.com,1,40,1,3,825,6683
CUST101125,F,47.0,Gyeonggi,Basic,6,54100.0,49300.0,3.7,2026-02-28,N,Fashion,2020-08-20,customer1125@example.com,0,40,1,93,2111,8216
CUST101088,M,27.0,Incheon,Basic,13,71400.0,292000.0,2.9,2026-04-05,Y,Sports,2021-08-14,customer1088@example.com,0,20,2,57,1752,22461
CUST100510,F,57.0,Gyeonggi,Gold,14,117500.0,824700.0,4.1,2025-11-17,N,Fashion,2022-06-01,customer510@example.com,1,50,3,196,1461,58907
CUST100447,M,49.0,Gwangju,Basic,8,80300.0,245200.0,4.4,2026-06-24,N,Home,2024-04-01,customer447@example.com,1,40,2,-23,791,30650
CUST100876,F,24.0,Daejeon,Basic,11,90300.0,507900.0,4.7,2026-04-11,N,Home,2021-02-12,customer876@example.com,1,20,2,51,1935,46172
CUST100853,M,37.0,Daejeon,Silver,9,186100.0,592300.0,3.7,2026-02-08,Y,Electronics,2025-02-13,customer853@example.com,1,30,3,113,473,65811
CUST101476,M,55.0,Daejeon,Silver,6,36700.0,113500.0,5.0,2026-06-03,Y,Fashion,2021-08-24,customer1476@example.com,1,50,1,-2,1742,18916
CUST101000,F,51.0,Incheon,Silver,8,117500.0,133400.0,3.8,2026-06-09,N,Beauty,2025-12-18,customer1000@example.com,0,50,1,-8,165,16675
CUST100537,M,37.0,Seoul,Basic,12,41900.0,274800.0,4.5,2026-04-04,Y,Beauty,2025-06-30,customer537@example.com,1,30,2,58,336,22900
CUST100849,M,43.0,Gyeonggi,Basic,8,59900.0,51600.0,4.3,2026-06-24,Y,Fashion,2025-01-10,customer849@example.com,0,40,1,-23,507,6450
CUST101106,M,21.0,Gyeonggi,Basic,6,43300.0,111000.0,3.0,2026-05-01,Y,Fashion,2022-09-21,customer1106@example.com,0,20,1,31,1349,18500
CUST100021,F,25.0,Daejeon,Basic,11,83400.0,213200.0,4.3,2026-01-04,N,Beauty,2021-09-30,customer21@example.com,0,20,2,148,1705,19381
CUST100573,F,49.0,Seoul,Basic,8,70600.0,226600.0,3.8,2026-05-08,N,Beauty,2024-07-14,customer573@example.com,0,40,2,24,687,28325
CUST100482,M,24.0,Gyeonggi,Vip,7,139800.0,272200.0,4.3,2026-02-06,Y,Food,2025-11-15,customer482@example.com,0,20,2,115,198,38885
CUST100084,F,38.0,Gyeonggi,Basic,7,116200.0,228700.0,2.5,2026-04-09,N,Beauty,2023-08-08,customer84@example.com,0,30,2,53,1028,32671
CUST101386,F,52.0,Gyeonggi,Silver,8,143600.0,447100.0,4.7,2026-04-17,Y,Electronics,2024-07-17,customer1386@example.com,1,50,2,45,684,55887
CUST100715,M,56.0,Seoul,Silver,10,99600.0,352300.0,3.6,2026-02-27,N,Beauty,2025-08-26,customer715@example.com,0,50,2,94,279,35230
CUST101298,M,47.0,Seoul,Basic,6,51600.0,152300.0,2.8,2026-01-05,N,Fashion,2023-04-16,customer1298@example.com,0,40,1,147,1142,25383
CUST100179,F,39.0,Gwangju,Silver,9,44400.0,180900.0,3.9,2026-05-17,N,Food,2025-10-27,customer179@example.com,0,30,1,15,217,20100
CUST100353,F,55.0,Gyeonggi,Vip,15,117500.0,489000.0,3.3,2026-04-19,Y,Sports,2024-07-15,customer353@example.com,1,50,2,43,686,32600
CUST100186,F,40.0,Seoul,Silver,12,127000.0,476300.0,4.5,2026-06-21,Y,Home,2024-11-18,customer186@example.com,0,40,2,-20,560,39691
CUST100493,F,37.0,Seoul,Gold,11,194600.0,779500.0,4.4,2025-12-27,N,Beauty,2021-11-03,customer493@example.com,1,30,3,156,1671,70863
CUST100347,F,31.0,Seoul,Vip,10,246700.0,1060200.0,2.6,2026-03-17,N,Electronics,2024-10-25,customer347@example.com,1,30,3,76,584,106020
CUST100497,F,35.0,Gyeonggi,Basic,8,16400.0,49600.0,3.6,2026-03-28,Y,Beauty,2024-10-31,customer497@example.com,1,30,1,65,578,6200
CUST101064,M,46.0,Seoul,Gold,9,143400.0,759800.0,3.4,2026-02-15,N,Fashion,2023-02-07,customer1064@example.com,1,40,3,106,1210,84422
CUST100566,M,33.0,Incheon,Silver,5,118300.0,380900.0,3.4,2026-06-04,N,Sports,2025-04-26,customer566@example.com,1,30,2,-3,401,76180
CUST101094,F,36.0,Gyeonggi,Basic,13,97200.0,321000.0,4.3,2026-03-04,N,Food,2022-10-30,customer1094@example.com,1,30,2,89,1310,24692
CUST101466,F,57.0,Seoul,Basic,10,70400.0,139700.0,3.7,2026-04-21,Y,Fashion,2024-02-01,customer1466@example.com,0,50,1,41,851,13970
CUST101207,M,59.0,Daegu,Silver,8,245800.0,743300.0,3.6,2026-05-17,Y,Electronics,2024-11-09,customer1207@example.com,1,50,3,15,569,92912
CUST101427,M,42.0,Incheon,Silver,3,93700.0,86300.0,2.2,2026-06-01,N,Fashion,2023-09-22,customer1427@example.com,0,40,1,0,983,28766
CUST100264,M,32.0,Seoul,Gold,4,72000.0,122900.0,4.2,2026-04-30,Y,Food,2024-06-26,customer264@example.com,0,30,1,32,705,30725
CUST100104,F,41.0,Daejeon,Basic,14,156900.0,715600.0,3.6,2026-06-06,Y,Electronics,2020-08-30,customer104@example.com,1,40,3,-5,2101,51114
CUST101079,M,42.0,Gyeonggi,Silver,8,94000.0,422200.0,3.6,2026-03-26,N,Food,2025-06-13,customer1079@example.com,0,40,2,67,353,52775
CUST101188,M,43.0,Daegu,Silver,17,169900.0,535700.0,4.7,2026-05-16,N,Beauty,2023-05-19,customer1188@example.com,1,40,3,16,1109,31511
CUST100270,F,39.0,Gyeonggi,Basic,8,80800.0,87600.0,4.9,2026-03-10,N,Sports,2024-08-16,customer270@example.com,0,30,1,83,654,10950
CUST101178,F,56.0,Daejeon,Silver,11,125800.0,350400.0,3.9,2026-04-25,N,Sports,2024-04-04,customer1178@example.com,1,50,2,37,788,31854
CUST101060,F,40.0,Gyeonggi,Silver,7,98100.0,309000.0,5.0,2026-05-15,Y,Sports,2024-07-01,customer1060@example.com,1,40,2,17,700,44142
CUST100494,F,41.0,Gwangju,Silver,6,148300.0,325400.0,2.7,2026-06-21,Y,Electronics,2022-08-01,customer494@example.com,0,40,2,-20,1400,54233
CUST100612,F,49.0,Gyeonggi,Gold,7,100100.0,101100.0,3.1,2025-12-29,N,Home,2024-08-02,customer612@example.com,0,40,1,154,668,14442
CUST100633,F,21.0,Seoul,Silver,11,185000.0,585100.0,5.0,2026-05-11,Y,Electronics,2020-11-26,customer633@example.com,1,20,3,21,2013,53190
CUST100355,F,39.0,Incheon,Silver,12,170700.0,358700.0,3.3,2026-03-25,N,Sports,2024-02-07,customer355@example.com,0,30,2,68,845,29891
CUST101323,F,18.0,Gyeonggi,Basic,5,70100.0,126700.0,1.6,2026-04-28,Y,Fashion,2022-11-27,customer1323@example.com,0,10,1,34,1282,25340
CUST100528,M,57.0,Seoul,Silver,9,149500.0,384900.0,4.1,2026-05-31,N,Beauty,2021-05-24,customer528@example.com,0,50,2,1,1834,42766
CUST101015,M,34.0,Daegu,Vip,6,178000.0,184200.0,3.4,2026-05-09,Y,Sports,2023-10-08,customer1015@example.com,0,30,2,23,967,30700
CUST101161,M,32.0,Busan,Vip,9,146300.0,331900.0,3.5,2026-02-18,N,Food,2020-12-17,customer1161@example.com,0,30,2,103,1992,36877
CUST101358,F,57.0,Gyeonggi,Basic,14,141600.0,663800.0,4.7,2026-04-17,Y,Fashion,2025-04-27,customer1358@example.com,1,50,3,45,400,47414
CUST100575,M,37.0,Gyeonggi,Silver,10,137000.0,240000.0,5.0,2026-06-26,N,Fashion,2020-07-04,customer575@example.com,1,30,2,-25,2158,24000
CUST100055,F,30.0,Gyeonggi,Basic,6,63900.0,146700.0,3.8,2026-04-13,Y,Food,2024-01-07,customer55@example.com,0,30,1,49,876,24450
CUST100790,M,43.0,Daejeon,Gold,6,80700.0,142500.0,3.9,2026-05-02,Y,Home,2021-06-30,customer790@example.com,0,40,1,30,1797,23750
CUST100714,F,32.0,Gyeonggi,Silver,11,134300.0,305900.0,4.0,2026-05-04,Y,Electronics,2022-01-14,customer714@example.com,1,30,2,28,1599,27809
CUST101329,M,41.0,Gyeonggi,Basic,7,54000.0,58200.0,3.0,2026-04-26,N,Fashion,2020-06-30,customer1329@example.com,0,40,1,36,2162,8314
CUST100147,M,50.0,Daejeon,Silver,12,196900.0,872300.0,3.9,2026-05-20,N,Electronics,2020-07-23,customer147@example.com,1,50,3,12,2139,72691
CUST101130,F,39.0,Incheon,Silver,8,127600.0,466600.0,4.6,2026-03-25,Y,Fashion,2025-09-04,customer1130@example.com,0,30,2,68,270,58325
CUST100908,F,18.0,Daejeon,Basic,4,24000.0,27600.0,3.7,2026-02-13,N,Sports,2024-03-25,customer908@example.com,0,10,1,108,798,6900
CUST101480,M,44.0,Seoul,Vip,8,177900.0,311700.0,3.0,2026-05-19,N,Sports,2025-05-05,customer1480@example.com,0,40,2,13,392,38962
CUST101234,M,32.0,Seoul,Vip,9,212600.0,908200.0,2.6,2026-04-15,Y,Home,2021-08-20,customer1234@example.com,1,30,3,47,1746,100911
CUST100596,F,48.0,Gwangju,Gold,7,143400.0,367600.0,3.7,2026-02-11,Y,Sports,2022-12-03,customer596@example.com,0,40,2,110,1276,52514
CUST100844,M,46.0,Gyeonggi,Basic,15,146400.0,559500.0,2.9,2026-04-29,N,Food,2020-07-13,customer844@example.com,1,40,3,33,2149,37300
CUST100088,M,41.0,Incheon,Silver,11,157300.0,783200.0,3.3,2026-05-17,Y,Beauty,2020-09-27,customer88@example.com,0,40,3,15,2073,71200
CUST100622,M,39.0,Gyeonggi,Silver,10,126100.0,442900.0,4.2,2026-06-20,N,Home,2025-09-15,customer622@example.com,1,30,2,-19,259,44290
CUST100675,F,38.0,Seoul,Gold,5,152200.0,343000.0,3.2,2026-05-28,N,Food,2021-05-19,customer675@example.com,0,30,2,4,1839,68600
CUST100112,M,38.0,Busan,Silver,10,99100.0,212100.0,3.9,2026-02-17,Y,Food,2021-01-20,customer112@example.com,0,30,2,104,1958,21210
CUST100672,M,46.0,Gyeonggi,Basic,17,124400.0,468800.0,4.4,2026-06-06,N,Fashion,2022-08-05,customer672@example.com,1,40,2,-5,1396,27576
CUST101251,F,25.0,Gyeonggi,Basic,12,124500.0,516500.0,4.3,2026-02-22,N,Home,2024-11-03,customer1251@example.com,1,20,2,99,575,43041
CUST101198,F,30.0,Daegu,Basic,13,89900.0,461000.0,3.3,2025-12-17,N,Home,2024-12-02,customer1198@example.com,0,30,2,166,546,35461
CUST100841,F,32.0,Gyeonggi,Vip,11,190700.0,830100.0,2.7,2026-03-07,N,Home,2024-02-09,customer841@example.com,1,30,3,86,843,75463
CUST100253,M,42.0,Busan,Vip,8,147600.0,145500.0,3.5,2026-06-05,N,Fashion,2022-09-26,customer253@example.com,1,40,1,-4,1344,18187
CUST100223,F,54.0,Seoul,Gold,10,101400.0,191800.0,3.8,2026-05-27,Y,Beauty,2024-03-27,customer223@example.com,1,50,2,5,796,19180
CUST101400,F,38.0,Gyeonggi,Vip,7,142700.0,268000.0,5.0,2026-05-13,N,Fashion,2020-12-26,customer1400@example.com,1,30,2,19,1983,38285
CUST100483,M,38.0,Gwangju,Basic,7,83700.0,92700.0,3.8,2026-05-09,N,Fashion,2025-05-09,customer483@example.com,0,30,1,23,388,13242
CUST101270,F,49.0,Daejeon,Basic,9,81100.0,154000.0,4.0,2026-03-24,Y,Electronics,2022-04-20,customer1270@example.com,0,40,1,69,1503,17111
CUST100894,M,46.0,Gyeonggi,Basic,10,140100.0,735200.0,2.6,2026-05-31,Y,Beauty,2021-04-25,customer894@example.com,1,40,3,1,1863,73520
CUST100690,M,43.0,Seoul,Vip,7,219500.0,564000.0,2.8,2026-06-04,N,Electronics,2021-05-30,customer690@example.com,1,40,3,-3,1828,80571
CUST100558,M,57.0,Gyeonggi,Silver,9,181000.0,619800.0,3.1,2026-03-31,Y,Fashion,2022-05-31,customer558@example.com,1,50,3,62,1462,68866
CUST100953,F,41.0,Busan,Basic,14,130400.0,707100.0,3.8,2026-06-13,N,Food,2023-11-23,customer953@example.com,1,40,3,-12,921,50507
CUST100901,M,25.0,Gyeonggi,Silver,7,51100.0,158000.0,4.9,2026-06-05,N,Food,2025-04-14,customer901@example.com,0,20,1,-4,413,22571
CUST100703,F,25.0,Seoul,Basic,9,131900.0,666300.0,3.1,2026-04-11,Y,Electronics,2022-05-10,customer703@example.com,1,20,3,51,1483,74033
CUST100454,M,28.0,Daegu,Silver,7,156800.0,331600.0,4.5,2026-06-03,N,Sports,2025-06-25,customer454@example.com,1,20,2,-2,341,47371
CUST100367,M,33.0,Seoul,Basic,5,104900.0,115400.0,4.3,2026-02-09,N,Electronics,2025-03-24,customer367@example.com,0,30,1,112,434,23080
CUST100154,F,49.0,Seoul,Silver,3,97300.0,169700.0,3.9,2026-03-28,N,Home,2022-03-03,customer154@example.com,1,40,1,65,1551,56566
CUST100823,M,41.0,Incheon,Basic,6,26900.0,72100.0,4.1,2026-04-29,Y,Home,2024-03-29,customer823@example.com,1,40,1,33,794,12016
CUST100902,M,39.0,Busan,Basic,3,80200.0,69700.0,3.5,2026-04-23,N,Food,2024-04-25,customer902@example.com,0,30,1,39,767,23233
CUST100489,F,30.0,Seoul,Basic,11,94000.0,427400.0,3.9,2026-06-11,N,Sports,2022-05-19,customer489@example.com,1,30,2,-10,1474,38854
CUST100555,M,32.0,Incheon,Basic,7,36700.0,108400.0,3.2,2026-04-21,N,Home,2022-12-06,customer555@example.com,0,30,1,41,1273,15485
CUST100855,M,18.0,Incheon,Basic,4,135300.0,151200.0,3.5,2026-04-22,Y,Fashion,2021-01-30,customer855@example.com,1,10,1,40,1948,37800
CUST100461,F,47.0,Daejeon,Silver,9,118500.0,336500.0,2.9,2026-06-13,Y,Food,2023-06-14,customer461@example.com,0,40,2,-12,1083,37388
CUST100705,F,35.0,Gwangju,Basic,11,73400.0,384700.0,3.3,2026-04-16,N,Home,2021-01-19,customer705@example.com,0,30,2,46,1959,34972
CUST100854,F,63.0,Seoul,Basic,8,143300.0,630100.0,4.2,2026-05-14,N,Electronics,2024-05-09,customer854@example.com,0,60,3,18,753,78762
CUST101148,F,27.0,Busan,Gold,2,85700.0,79200.0,3.3,2026-05-03,Y,Beauty,2021-02-19,customer1148@example.com,0,20,1,29,1928,39600
CUST101438,M,49.0,Gwangju,Basic,13,44000.0,129600.0,2.8,2026-05-18,Y,Sports,2020-08-12,customer1438@example.com,0,40,1,14,2119,9969
CUST101469,F,33.0,Gyeonggi,Basic,7,117500.0,245100.0,4.0,2026-04-30,Y,Beauty,2020-07-04,customer1469@example.com,0,30,2,32,2158,35014
CUST100899,M,47.0,Daegu,Silver,11,117200.0,395400.0,4.8,2026-04-18,N,Fashion,2021-03-01,customer899@example.com,0,40,2,44,1918,35945
CUST101264,M,46.0,Incheon,Basic,6,104600.0,313600.0,3.5,2026-06-11,N,Fashion,2025-04-10,customer1264@example.com,0,40,2,-10,417,52266
CUST101385,F,54.0,Incheon,Gold,12,145700.0,637600.0,2.9,2026-04-07,N,Fashion,2021-04-30,customer1385@example.com,1,50,3,55,1858,53133
CUST101382,F,41.0,Gyeonggi,Basic,9,42800.0,189400.0,3.9,2026-06-03,Y,Home,2022-03-27,customer1382@example.com,0,40,2,-2,1527,21044
CUST100807,M,30.0,Gyeonggi,Basic,5,97100.0,268900.0,3.5,2026-04-05,Y,Beauty,2022-05-01,customer807@example.com,0,30,2,57,1492,53780
CUST101284,M,45.0,Gyeonggi,Gold,12,143400.0,904800.0,3.0,2026-05-02,Y,Beauty,2021-10-26,customer1284@example.com,1,40,3,30,1679,75400
CUST100165,F,35.0,Gyeonggi,Gold,12,116500.0,630000.0,3.7,2026-06-24,N,Fashion,2024-06-20,customer165@example.com,1,30,3,-23,711,52500
CUST100695,M,35.0,Gwangju,Basic,7,178500.0,201300.0,3.9,2026-03-13,Y,Electronics,2025-05-01,customer695@example.com,0,30,2,80,396,28757
CUST101053,F,35.0,Seoul,Silver,11,142900.0,666000.0,2.9,2026-06-15,N,Beauty,2022-10-06,customer1053@example.com,1,30,3,-14,1334,60545
CUST100237,M,42.0,Seoul,Basic,8,130400.0,134700.0,4.6,2026-04-21,N,Electronics,2024-12-28,customer237@example.com,1,40,1,41,520,16837
CUST101336,F,38.0,Seoul,Silver,16,117500.0,900000.0,3.1,2026-03-26,N,Fashion,2021-07-29,customer1336@example.com,1,30,3,67,1768,56250
CUST101087,F,36.0,Gyeonggi,Silver,13,117700.0,469300.0,3.3,2026-03-03,N,Home,2025-08-09,customer1087@example.com,0,30,2,90,296,36100
CUST100551,F,47.0,Incheon,Basic,15,56800.0,490100.0,4.6,2026-04-22,N,Food,2020-12-16,customer551@example.com,1,40,2,40,1993,32673
CUST100686,M,50.0,Daegu,Gold,5,116900.0,111200.0,2.8,2026-06-22,N,Home,2021-12-13,customer686@example.com,0,50,1,-21,1631,22240
CUST101216,F,30.0,Busan,Silver,11,160000.0,712100.0,3.5,2026-05-02,N,Beauty,2024-06-12,customer1216@example.com,1,30,3,30,719,64736
CUST100939,M,39.0,Seoul,Silver,7,53900.0,46000.0,4.2,2026-04-25,Y,Home,2023-04-08,customer939@example.com,1,30,1,37,1150,6571
CUST100190,F,44.0,Incheon,Silver,13,175300.0,889100.0,4.9,2026-01-27,N,Sports,2023-05-23,customer190@example.com,1,40,3,125,1105,68392
CUST100536,M,32.0,Gyeonggi,Silver,5,115300.0,197200.0,3.2,2026-05-17,N,Beauty,2022-12-19,customer536@example.com,0,30,2,15,1260,39440
CUST100919,F,40.0,Gwangju,Gold,8,147700.0,519800.0,3.1,2026-06-06,Y,Fashion,2020-09-17,customer919@example.com,1,40,2,-5,2083,64975
CUST100435,F,39.0,Gyeonggi,Silver,12,228200.0,760300.0,3.7,2026-06-12,N,Electronics,2023-12-15,customer435@example.com,1,30,3,-11,899,63358
CUST101430,M,31.0,Gyeonggi,Basic,7,151200.0,342000.0,3.3,2026-01-17,N,Electronics,2021-04-16,customer1430@example.com,0,30,2,135,1872,48857
CUST100624,F,59.0,Incheon,Basic,10,84800.0,148800.0,5.0,2026-05-04,Y,Home,2021-07-04,customer624@example.com,0,50,1,28,1793,14880
CUST100442,M,41.0,Seoul,Basic,5,99900.0,227000.0,3.5,2026-06-17,Y,Fashion,2022-02-15,customer442@example.com,0,40,2,-16,1567,45400
CUST100184,M,44.0,Seoul,Basic,12,117500.0,468300.0,2.3,2026-06-13,N,Fashion,2024-07-28,customer184@example.com,0,40,2,-12,673,39025
CUST100028,M,38.0,Seoul,Basic,4,89100.0,101000.0,3.4,2026-05-19,N,Sports,2023-06-23,customer28@example.com,0,30,1,13,1074,25250
CUST100452,M,46.0,Busan,Silver,10,172100.0,752500.0,4.7,2026-03-24,N,Sports,2021-04-09,customer452@example.com,1,40,3,69,1879,75250
CUST100266,F,40.0,Seoul,Silver,4,56600.0,116000.0,4.4,2026-04-06,N,Food,2021-05-31,customer266@example.com,0,40,1,56,1827,29000
CUST100882,F,23.0,Daejeon,Gold,6,98500.0,181600.0,4.5,2026-06-20,Y,Fashion,2022-04-01,customer882@example.com,1,20,1,-19,1522,30266
CUST100432,F,45.0,Gyeonggi,Silver,13,136600.0,664700.0,2.8,2026-03-30,Y,Food,2022-05-23,customer432@example.com,1,40,3,63,1470,51130
CUST100915,F,43.0,Gyeonggi,Basic,8,112100.0,357600.0,3.8,2026-05-01,N,Home,2024-09-28,customer915@example.com,0,40,2,31,611,44700
CUST101377,F,37.0,Seoul,Basic,7,154900.0,350300.0,3.1,2026-02-19,N,Electronics,2021-05-26,customer1377@example.com,0,30,2,102,1832,50042
CUST100748,M,46.0,Busan,Basic,10,87900.0,171400.0,3.8,2026-03-06,Y,Food,2025-01-02,customer748@example.com,1,40,1,87,515,17140
CUST101118,M,43.0,Gyeonggi,Vip,8,198300.0,380100.0,3.8,2026-06-05,Y,Food,2021-11-27,customer1118@example.com,1,40,2,-4,1647,47512
CUST100438,M,25.0,Gyeonggi,Gold,6,152600.0,404300.0,3.7,2026-05-20,Y,Home,2025-10-14,customer438@example.com,1,20,2,12,230,67383
CUST100535,M,45.0,Daegu,Basic,7,64200.0,217000.0,4.4,2026-06-06,Y,Food,2025-03-21,customer535@example.com,0,40,2,-5,437,31000
CUST101262,F,43.0,Incheon,Silver,9,157200.0,361400.0,3.7,2026-03-09,Y,Electronics,2023-02-21,customer1262@example.com,0,40,2,84,1196,40155
CUST101165,F,44.0,Gwangju,Basic,11,127800.0,676500.0,3.6,2026-04-18,N,Beauty,2021-04-27,customer1165@example.com,0,40,3,44,1861,61500
CUST100984,F,37.0,Gyeonggi,Basic,14,87700.0,396900.0,2.4,2026-05-12,N,Beauty,2024-10-01,customer984@example.com,1,30,2,20,608,28350
CUST101359,M,40.0,Gyeonggi,Basic,6,117500.0,400200.0,3.2,2026-05-18,Y,Fashion,2025-04-13,customer1359@example.com,1,40,2,14,414,66700
CUST101440,M,38.0,Incheon,Basic,10,117500.0,330100.0,5.0,2026-04-27,N,Sports,2022-08-11,customer1440@example.com,1,30,2,35,1390,33010
CUST101410,M,53.0,Gyeonggi,Silver,9,61800.0,256700.0,3.1,2026-06-26,Y,Fashion,2021-01-13,customer1410@example.com,0,50,2,-25,1965,28522
CUST100532,F,38.0,Busan,Gold,8,131400.0,351700.0,4.3,2026-06-10,Y,Food,2022-09-24,customer532@example.com,0,30,2,-9,1346,43962
CUST101029,F,37.0,Gyeonggi,Silver,7,117500.0,190200.0,4.2,2026-04-03,N,Fashion,2021-05-23,customer1029@example.com,0,30,2,59,1835,27171
CUST100162,M,19.0,Gyeonggi,Silver,9,116500.0,376600.0,3.0,2026-02-07,N,Beauty,2022-01-12,customer162@example.com,0,10,2,114,1601,41844
CUST100474,M,31.0,Seoul,Basic,9,82400.0,147200.0,4.0,2026-04-22,Y,Food,2025-03-11,customer474@example.com,0,30,1,40,447,16355
CUST100739,F,25.0,Gwangju,Basic,12,152100.0,795600.0,3.8,2026-04-21,N,Beauty,2021-11-01,customer739@example.com,1,20,3,41,1673,66300
CUST100735,M,26.0,Daegu,Silver,11,137100.0,776800.0,2.0,2026-06-08,N,Beauty,2024-07-10,customer735@example.com,1,20,3,-7,691,70618
CUST100123,M,51.0,Gyeonggi,Basic,9,227300.0,660900.0,3.7,2026-04-27,N,Electronics,2021-07-01,customer123@example.com,1,50,3,35,1796,73433
CUST100550,F,44.0,Daegu,Basic,9,111300.0,436500.0,3.1,2026-04-03,Y,Fashion,2021-01-15,customer550@example.com,0,40,2,59,1963,48500
CUST100467,M,29.0,Gyeonggi,Silver,10,132100.0,701300.0,3.5,2025-12-28,N,Fashion,2020-07-10,customer467@example.com,0,20,3,155,2152,70130
CUST100142,F,47.0,Gwangju,Silver,6,54800.0,114800.0,2.6,2026-05-17,Y,Fashion,2025-03-27,customer142@example.com,0,40,1,15,431,19133
CUST100169,F,52.0,Seoul,Basic,8,26300.0,45400.0,3.5,2026-05-12,N,Beauty,2020-07-02,customer169@example.com,0,50,1,20,2160,5675
CUST101168,M,24.0,Daejeon,Basic,17,132000.0,739900.0,3.3,2026-04-21,Y,Food,2024-02-09,customer1168@example.com,1,20,3,41,843,43523
CUST101387,M,53.0,Daejeon,Basic,12,106300.0,573800.0,3.8,2026-04-21,Y,Fashion,2023-04-25,customer1387@example.com,1,50,3,41,1133,47816
CUST101185,M,39.0,Gyeonggi,Basic,17,41100.0,133900.0,4.5,2026-03-30,Y,Home,2020-07-09,customer1185@example.com,0,30,1,63,2153,7876
CUST101431,M,37.0,Seoul,Silver,9,56400.0,155700.0,2.5,2026-02-18,Y,Beauty,2020-10-15,customer1431@example.com,1,30,1,103,2055,17300
CUST101226,M,31.0,Gyeonggi,Basic,6,5000.0,5300.0,4.4,2026-06-08,Y,Sports,2020-08-28,customer1226@example.com,1,30,1,-7,2103,883
CUST100504,F,50.0,Gyeonggi,Silver,10,102800.0,354900.0,2.8,2026-05-03,Y,Food,2022-01-06,customer504@example.com,1,50,2,29,1607,35490
CUST101081,M,51.0,Gyeonggi,Basic,4,89500.0,94600.0,3.3,2026-05-20,N,Electronics,2022-12-08,customer1081@example.com,0,50,1,12,1271,23650
CUST100559,F,54.0,Gwangju,Basic,6,43400.0,93700.0,4.4,2026-04-12,Y,Beauty,2022-11-20,customer559@example.com,0,50,1,50,1289,15616
CUST100175,F,36.0,Gyeonggi,Vip,13,246700.0,1060200.0,4.1,2026-04-03,Y,Electronics,2024-01-19,customer175@example.com,1,30,3,59,864,81553
CUST100208,F,46.0,Seoul,Basic,9,140000.0,408600.0,3.0,2026-03-06,N,Fashion,2024-02-06,customer208@example.com,0,40,2,87,846,45400
CUST100514,F,31.0,Incheon,Gold,13,246700.0,683700.0,2.7,2026-05-01,Y,Electronics,2021-08-14,customer514@example.com,1,30,3,31,1752,52592
CUST100874,F,53.0,Gyeonggi,Basic,8,57500.0,195200.0,3.4,2026-05-08,N,Beauty,2025-03-09,customer874@example.com,0,50,2,24,449,24400
CUST100418,F,61.0,Gyeonggi,Gold,7,205500.0,753000.0,2.7,2026-03-26,N,Electronics,2023-03-07,customer418@example.com,0,60,3,67,1182,107571
CUST100950,F,45.0,Seoul,Silver,6,92700.0,90300.0,4.7,2026-05-10,Y,Fashion,2024-05-03,customer950@example.com,0,40,1,22,759,15050
CUST100161,F,48.0,Daejeon,Basic,9,71900.0,244800.0,5.0,2026-04-12,N,Beauty,2022-02-08,customer161@example.com,0,40,2,50,1574,27200
CUST101131,F,37.0,Incheon,Vip,7,246700.0,303400.0,3.4,2026-06-04,Y,Sports,2025-02-27,customer1131@example.com,0,30,2,-3,459,43342
CUST101166,F,23.0,Seoul,Silver,7,130800.0,449300.0,4.1,2026-04-08,Y,Sports,2021-04-23,customer1166@example.com,1,20,2,54,1865,64185
CUST101278,F,38.0,Gwangju,Basic,12,133000.0,346000.0,3.5,2026-05-07,N,Home,2025-03-06,customer1278@example.com,0,30,2,25,452,28833
CUST100465,M,43.0,Seoul,Basic,4,86000.0,183700.0,3.4,2026-06-27,N,Electronics,2022-05-06,customer465@example.com,0,40,1,-26,1487,45925
CUST100563,F,39.0,Seoul,Basic,11,34900.0,95900.0,3.7,2026-01-31,Y,Sports,2022-05-03,customer563@example.com,0,30,1,121,1490,8718
CUST100635,M,34.0,Gyeonggi,Basic,8,100000.0,315800.0,2.6,2026-04-25,N,Sports,2025-06-09,customer635@example.com,1,30,2,37,357,39475
CUST101415,M,45.0,Seoul,Silver,7,43200.0,127900.0,3.3,2026-05-05,N,Fashion,2022-05-08,customer1415@example.com,0,40,1,27,1485,18271
CUST101392,F,39.0,Busan,Basic,12,195700.0,626500.0,3.6,2026-06-16,N,Electronics,2024-10-03,customer1392@example.com,1,30,3,-15,606,52208
CUST100829,M,45.0,Gyeonggi,Basic,10,107100.0,379600.0,4.9,2026-02-08,N,Electronics,2021-03-13,customer829@example.com,0,40,2,113,1906,37960
CUST101097,F,46.0,Seoul,Silver,8,139700.0,585200.0,3.7,2026-03-04,N,Home,2021-07-03,customer1097@example.com,0,40,3,89,1794,73150
CUST100628,F,31.0,Gwangju,Gold,9,87200.0,84200.0,3.3,2026-05-25,N,Food,2024-02-09,customer628@example.com,0,30,1,7,843,9355
CUST100229,M,59.0,Busan,Gold,10,177400.0,307100.0,2.5,2026-04-29,Y,Home,2023-10-12,customer229@example.com,1,50,2,33,963,30710
CUST100903,M,18.0,Gyeonggi,Basic,8,51900.0,97900.0,5.0,2026-02-26,Y,Home,2021-09-13,customer903@example.com,0,10,1,95,1722,12237
CUST100943,F,43.0,Daejeon,Silver,5,36800.0,68300.0,4.1,2026-06-10,N,Beauty,2021-10-13,customer943@example.com,0,40,1,-9,1692,13660
CUST100248,F,47.0,Gwangju,Silver,10,117500.0,288100.0,2.8,2026-05-29,N,Fashion,2024-12-12,customer248@example.com,0,40,2,3,536,28810
CUST100039,M,40.0,Seoul,Gold,9,156500.0,350100.0,4.9,2025-10-09,Y,Home,2021-12-28,customer39@example.com,1,40,2,235,1616,38900
CUST101019,F,18.0,Gyeonggi,Gold,11,177400.0,601300.0,2.8,2026-06-16,N,Beauty,2025-12-23,customer1019@example.com,0,10,3,-15,160,54663
CUST100341,M,34.0,Gyeonggi,Silver,8,65600.0,112500.0,4.6,2026-05-23,N,Fashion,2025-12-25,customer341@example.com,0,30,1,9,158,14062
CUST100926,M,42.0,Daejeon,Silver,8,169100.0,1060200.0,4.9,2026-04-03,N,Sports,2024-02-28,customer926@example.com,0,40,3,59,824,132525
CUST100529,M,47.0,Gyeonggi,Basic,11,78100.0,393500.0,2.2,2026-05-29,N,Fashion,2025-08-03,customer529@example.com,0,40,2,3,302,35772
CUST100653,M,37.0,Seoul,Basic,9,142300.0,501000.0,5.0,2026-06-02,Y,Food,2025-10-19,customer653@example.com,1,30,2,-1,225,55666
CUST100738,M,26.0,Busan,Silver,7,106100.0,278500.0,3.7,2026-06-06,Y,Beauty,2021-01-23,customer738@example.com,1,20,2,-5,1955,39785
CUST100836,F,38.0,Busan,Gold,10,84000.0,479700.0,3.2,2026-01-24,N,Fashion,2024-06-16,customer836@example.com,0,30,2,128,715,47970
CUST101020,F,38.0,Gyeonggi,Gold,8,126100.0,414800.0,3.5,2026-06-17,Y,Food,2022-02-21,customer1020@example.com,1,30,2,-16,1561,51850
CUST100331,F,20.0,Daejeon,Basic,10,82200.0,167500.0,4.6,2026-06-12,N,Fashion,2024-09-22,customer331@example.com,1,20,1,-11,617,16750
CUST100719,F,32.0,Daegu,Basic,17,105000.0,716600.0,4.4,2026-05-24,N,Sports,2023-02-09,customer719@example.com,1,30,3,8,1208,42152
CUST100318,M,26.0,Gyeonggi,Gold,5,75400.0,143500.0,4.3,2026-03-01,N,Home,2021-06-06,customer318@example.com,0,20,1,92,1821,28700
CUST100994,F,48.0,Seoul,Vip,4,191200.0,204800.0,3.7,2026-05-02,Y,Home,2020-09-17,customer994@example.com,0,40,2,30,2083,51200
CUST100758,M,39.0,Gwangju,Basic,8,133400.0,267000.0,3.2,2026-05-17,N,Electronics,2025-11-07,customer758@example.com,1,30,2,15,206,33375
CUST100490,M,55.0,Gwangju,Silver,5,101900.0,90100.0,4.7,2026-03-21,N,Sports,2023-12-02,customer490@example.com,0,50,1,72,912,18020
CUST100833,F,48.0,Busan,Basic,10,161500.0,698800.0,3.3,2025-12-22,N,Home,2021-04-16,customer833@example.com,0,40,3,161,1872,69880
CUST100795,F,29.0,Gyeonggi,Basic,11,119500.0,414500.0,3.5,2026-05-13,N,Beauty,2021-10-06,customer795@example.com,0,20,2,19,1699,37681
CUST100281,M,45.0,Busan,Basic,6,85500.0,183800.0,3.8,2026-05-13,Y,Home,2025-11-01,customer281@example.com,0,40,1,19,212,30633
CUST100851,F,45.0,Seoul,Basic,7,103700.0,227000.0,3.6,2026-03-24,N,Food,2022-08-16,customer851@example.com,1,40,2,69,1385,32428
CUST100054,F,44.0,Seoul,Vip,11,113400.0,474600.0,4.6,2026-06-04,N,Food,2025-12-28,customer54@example.com,1,40,2,-3,155,43145
CUST100896,F,48.0,Seoul,Basic,6,98100.0,221600.0,3.4,2026-05-11,N,Beauty,2022-01-12,customer896@example.com,0,40,2,21,1601,36933
CUST101151,M,35.0,Busan,Basic,6,77400.0,153500.0,3.7,2026-04-01,N,Home,2025-06-17,customer1151@example.com,0,30,1,61,349,25583
CUST100076,F,39.0,Daegu,Basic,5,5000.0,5000.0,3.2,2026-06-07,N,Food,2023-02-07,customer76@example.com,0,30,1,-6,1210,1000
CUST101404,F,25.0,Gyeonggi,Gold,6,135600.0,353400.0,4.8,2025-09-30,N,Fashion,2020-10-27,customer1404@example.com,0,20,2,244,2043,58900
CUST100887,M,18.0,Incheon,Basic,6,81200.0,224100.0,4.2,2026-02-12,Y,Fashion,2023-10-30,customer887@example.com,1,10,2,109,945,37350
CUST101025,F,30.0,Daejeon,Basic,9,117200.0,341400.0,3.8,2025-12-25,N,Food,2022-02-11,customer1025@example.com,0,30,2,158,1571,37933
CUST101396,M,44.0,Seoul,Silver,9,95100.0,272300.0,4.2,2026-06-19,Y,Food,2023-12-19,customer1396@example.com,1,40,2,-18,895,30255
CUST100602,M,53.0,Seoul,Basic,12,138000.0,627200.0,3.3,2026-04-06,N,Electronics,2022-10-26,customer602@example.com,1,50,3,56,1314,52266
CUST101138,F,57.0,Seoul,Basic,8,82000.0,144100.0,4.9,2026-05-26,N,Home,2024-01-18,customer1138@example.com,1,50,1,6,865,18012
CUST101231,F,43.0,Seoul,Basic,7,25300.0,57500.0,3.1,2026-04-13,N,Sports,2025-06-18,customer1231@example.com,0,40,1,49,348,8214
CUST101283,M,57.0,Gyeonggi,Gold,9,168200.0,954800.0,3.7,2026-02-27,N,Food,2020-08-15,customer1283@example.com,1,50,3,94,2116,106088
CUST100222,M,33.0,Daejeon,Basic,9,165500.0,499400.0,4.4,2026-04-03,Y,Electronics,2024-07-08,customer222@example.com,1,30,2,59,693,55488
CUST101142,F,44.0,Seoul,Basic,10,143900.0,413400.0,4.3,2026-05-14,N,Sports,2022-05-09,customer1142@example.com,1,40,2,18,1484,41340
CUST100607,F,63.0,Gyeonggi,Gold,12,204000.0,1060200.0,3.0,2026-06-01,N,Beauty,2025-10-02,customer607@example.com,1,60,3,0,242,88350
CUST101458,M,60.0,Gyeonggi,Gold,15,152100.0,283200.0,3.5,2026-01-22,Y,Fashion,2023-06-22,customer1458@example.com,0,60,2,130,1075,18880
CUST100591,M,38.0,Seoul,Vip,7,195200.0,379100.0,3.3,2026-06-04,Y,Fashion,2024-07-24,customer591@example.com,1,30,2,-3,677,54157
CUST100381,M,45.0,Gyeonggi,Silver,7,75100.0,236800.0,4.3,2026-02-17,Y,Home,2025-04-26,customer381@example.com,1,40,2,104,401,33828
CUST101313,F,24.0,Seoul,Silver,8,155300.0,556000.0,3.1,2026-05-27,Y,Electronics,2020-08-20,customer1313@example.com,1,20,3,5,2111,69500
CUST100200,M,26.0,Gyeonggi,Gold,10,91400.0,326000.0,4.2,2026-04-26,N,Sports,2021-05-30,customer200@example.com,0,20,2,36,1828,32600
CUST100811,F,21.0,Gyeonggi,Silver,8,74800.0,167200.0,3.1,2026-06-25,Y,Beauty,2023-10-02,customer811@example.com,0,20,1,-24,973,20900
CUST100571,F,54.0,Incheon,Basic,13,89300.0,609900.0,4.0,2026-05-01,N,Food,2024-02-01,customer571@example.com,1,50,3,31,851,46915
CUST100587,M,29.0,Gyeonggi,Basic,11,45500.0,226500.0,4.3,2026-03-05,N,Fashion,2024-07-09,customer587@example.com,0,20,2,88,692,20590
CUST100753,F,57.0,Incheon,Basic,17,64900.0,391500.0,4.0,2026-05-11,N,Fashion,2021-02-12,customer753@example.com,1,50,2,21,1935,23029
CUST101408,M,18.0,Gwangju,Basic,5,100700.0,195400.0,4.2,2026-03-26,Y,Beauty,2021-01-09,customer1408@example.com,0,10,2,67,1969,39080
CUST100895,M,40.0,Daejeon,Basic,9,124200.0,518200.0,3.4,2026-03-16,N,Food,2023-07-07,customer895@example.com,1,40,2,77,1060,57577
CUST100665,M,34.0,Daejeon,Basic,6,127200.0,425400.0,4.2,2026-03-25,N,Beauty,2024-09-02,customer665@example.com,0,30,2,68,637,70900
CUST100905,M,44.0,Gyeonggi,Gold,11,184600.0,835600.0,3.0,2026-03-30,Y,Fashion,2022-03-14,customer905@example.com,1,40,3,63,1540,75963
CUST100837,M,49.0,Seoul,Basic,11,193400.0,603600.0,2.6,2026-03-14,N,Electronics,2024-10-23,customer837@example.com,0,40,3,79,586,54872
CUST101403,M,44.0,Gyeonggi,Basic,17,214700.0,1060200.0,1.8,2026-01-12,N,Electronics,2022-10-31,customer1403@example.com,1,40,3,140,1309,62364
CUST101365,M,43.0,Seoul,Silver,8,202800.0,722900.0,3.3,2026-04-21,Y,Electronics,2020-09-12,customer1365@example.com,0,40,3,41,2088,90362
CUST101172,F,49.0,Seoul,Silver,6,165800.0,567700.0,3.7,2026-05-21,Y,Electronics,2021-04-20,customer1172@example.com,0,40,3,11,1868,94616
CUST100659,F,47.0,Seoul,Silver,2,33800.0,31600.0,4.5,2026-05-20,Y,Beauty,2022-09-08,customer659@example.com,0,40,1,12,1362,15800
CUST100384,M,52.0,Seoul,Silver,9,139300.0,423000.0,4.9,2026-05-29,N,Beauty,2020-11-20,customer384@example.com,1,50,2,3,2019,47000
CUST100326,M,33.0,Gyeonggi,Gold,13,133100.0,918600.0,3.7,2026-04-27,Y,Sports,2024-06-04,customer326@example.com,1,30,3,35,727,70661
CUST100552,F,48.0,Gwangju,Basic,8,145100.0,287800.0,2.2,2026-06-14,N,Electronics,2020-07-08,customer552@example.com,1,40,2,-13,2154,35975
CUST100213,M,30.0,Incheon,Silver,6,144000.0,466700.0,3.3,2026-02-15,Y,Electronics,2021-03-26,customer213@example.com,0,30,2,106,1893,77783
CUST101214,M,39.0,Seoul,Basic,9,157100.0,150800.0,3.8,2025-11-28,N,Beauty,2024-07-15,customer1214@example.com,0,30,1,185,686,16755
CUST100219,M,41.0,Gwangju,Basic,7,76000.0,145900.0,3.9,2026-04-24,N,Home,2021-07-26,customer219@example.com,0,40,1,38,1771,20842
CUST101193,F,41.0,Daegu,Basic,3,70400.0,70300.0,2.6,2026-02-16,N,Sports,2021-11-14,customer1193@example.com,0,40,1,105,1660,23433
CUST100361,F,37.0,Seoul,Basic,6,37600.0,40900.0,4.2,2026-05-23,Y,Sports,2021-04-07,customer361@example.com,1,30,1,9,1881,6816
CUST100172,F,20.0,Gyeonggi,Basic,8,77800.0,157800.0,3.8,2026-03-11,N,Food,2021-09-25,customer172@example.com,0,20,1,82,1710,19725
CUST100368,M,23.0,Gyeonggi,Basic,13,84000.0,543200.0,2.8,2026-06-23,Y,Sports,2023-12-12,customer368@example.com,1,20,3,-22,902,41784
CUST100337,F,30.0,Seoul,Silver,7,112100.0,371500.0,3.8,2026-05-13,N,Home,2022-09-17,customer337@example.com,0,30,2,19,1353,53071
CUST100721,F,57.0,Daejeon,Silver,13,105400.0,339800.0,3.7,2026-06-14,Y,Beauty,2025-04-24,customer721@example.com,0,50,2,-13,403,26138
CUST100471,F,45.0,Gwangju,Basic,9,117400.0,482300.0,3.7,2026-06-13,N,Electronics,2022-01-23,customer471@example.com,0,40,2,-12,1590,53588
CUST101167,M,39.0,Daegu,Gold,6,184300.0,419600.0,4.7,2026-06-26,N,Electronics,2021-09-27,customer1167@example.com,1,30,2,-25,1708,69933
CUST101217,F,44.0,Seoul,Basic,9,147100.0,532100.0,4.2,2026-05-29,Y,Electronics,2021-05-19,customer1217@example.com,0,40,2,3,1839,59122
CUST101484,F,36.0,Busan,Basic,8,105100.0,272500.0,3.3,2026-05-30,Y,Sports,2021-03-10,customer1484@example.com,1,30,2,2,1909,34062
CUST100886,M,41.0,Busan,Gold,13,163400.0,740800.0,3.9,2026-04-29,Y,Home,2024-01-23,customer886@example.com,0,40,3,33,860,56984
CUST100792,F,62.0,Seoul,Silver,14,79900.0,167100.0,4.4,2026-04-09,Y,Fashion,2021-06-03,customer792@example.com,0,60,1,53,1824,11935
CUST100749,F,45.0,Busan,Gold,12,188800.0,931400.0,3.4,2026-03-05,N,Home,2022-05-25,customer749@example.com,0,40,3,88,1468,77616
CUST100850,M,41.0,Gyeonggi,Silver,8,109400.0,246900.0,3.7,2026-04-25,N,Fashion,2025-05-19,customer850@example.com,0,40,2,37,378,30862
CUST100413,F,49.0,Gwangju,Basic,10,107000.0,237800.0,3.9,2025-11-19,Y,Beauty,2025-11-16,customer413@example.com,0,40,2,194,197,23780
CUST100057,F,40.0,Daegu,Silver,8,23900.0,61900.0,5.0,2026-02-24,Y,Fashion,2022-06-20,customer57@example.com,1,40,1,97,1442,7737
CUST100989,M,32.0,Daegu,Basic,11,101500.0,535500.0,2.4,2026-04-05,N,Beauty,2021-11-16,customer989@example.com,0,30,3,57,1658,48681
CUST100970,M,37.0,Seoul,Basic,8,89400.0,374300.0,2.7,2026-04-15,N,Food,2025-01-31,customer970@example.com,0,30,2,47,486,46787
CUST100380,F,47.0,Gyeonggi,Basic,7,84700.0,283300.0,3.4,2026-05-02,N,Beauty,2023-12-27,customer380@example.com,0,40,2,30,887,40471
CUST100860,F,48.0,Seoul,Gold,6,142700.0,248100.0,2.9,2026-03-01,Y,Food,2024-03-12,customer860@example.com,0,40,2,92,811,41350
CUST100300,F,18.0,Incheon,Basic,10,16900.0,84500.0,3.1,2026-04-24,N,Sports,2024-09-10,customer300@example.com,0,10,1,38,629,8450
CUST100315,F,64.0,Seoul,Silver,8,58200.0,120200.0,3.7,2026-06-15,N,Home,2023-12-30,customer315@example.com,0,60,1,-14,884,15025
CUST100188,F,36.0,Daegu,Basic,12,103100.0,570700.0,4.0,2025-12-20,Y,Fashion,2023-07-26,customer188@example.com,0,30,3,163,1041,47558
CUST101490,M,29.0,Seoul,Silver,6,113000.0,99000.0,3.7,2026-05-03,Y,Beauty,2021-08-28,customer1490@example.com,1,20,1,29,1738,16500
CUST100907,M,53.0,Gwangju,Basic,8,133100.0,265700.0,3.7,2026-05-11,N,Home,2023-05-28,customer907@example.com,1,50,2,21,1100,33212
CUST101423,M,27.0,Gyeonggi,Silver,8,143900.0,426100.0,4.2,2026-04-08,N,Electronics,2025-09-13,customer1423@example.com,1,20,2,54,261,53262
CUST101066,F,63.0,Seoul,Silver,14,60000.0,290900.0,2.9,2026-01-05,N,Fashion,2025-04-27,customer1066@example.com,0,60,2,147,400,20778
CUST100998,F,38.0,Seoul,Silver,8,90700.0,283400.0,3.4,2026-04-04,N,Food,2021-07-22,customer998@example.com,0,30,2,58,1775,35425
CUST100145,F,25.0,Busan,Gold,12,161100.0,433500.0,3.2,2025-12-17,N,Beauty,2025-12-10,customer145@example.com,0,20,2,166,173,36125
CUST100456,F,28.0,Seoul,Basic,9,151100.0,517100.0,2.3,2026-04-24,N,Electronics,2025-04-08,customer456@example.com,1,20,2,38,419,57455
CUST101203,M,46.0,Incheon,Basic,9,115300.0,511300.0,4.6,2026-04-18,N,Beauty,2021-11-12,customer1203@example.com,1,40,2,44,1662,56811
CUST100133,M,40.0,Gwangju,Gold,6,121700.0,121800.0,3.1,2026-06-24,N,Beauty,2024-11-08,customer133@example.com,0,40,1,-23,570,20300
CUST100372,F,33.0,Gwangju,Basic,7,5000.0,8900.0,5.0,2026-06-14,N,Fashion,2024-04-20,customer372@example.com,0,30,1,-13,772,1271
CUST101215,F,34.0,Daegu,Basic,17,164900.0,543100.0,5.0,2026-03-13,N,Electronics,2021-01-27,customer1215@example.com,0,30,3,80,1951,31947
CUST100003,M,60.0,Seoul,Gold,16,236900.0,1060200.0,3.8,2026-04-16,N,Electronics,2020-09-28,customer3@example.com,1,60,3,46,2072,66262
CUST100670,M,31.0,Busan,Basic,9,152400.0,349500.0,3.9,2026-01-11,N,Sports,2023-06-08,customer670@example.com,1,30,2,141,1089,38833
CUST100051,M,23.0,Seoul,Vip,13,246700.0,1060200.0,5.0,2026-06-06,N,Food,2025-07-01,customer51@example.com,1,20,3,-5,335,81553
CUST100637,F,31.0,Gyeonggi,Gold,14,71900.0,284500.0,4.8,2026-04-17,Y,Fashion,2020-08-22,customer637@example.com,0,30,2,45,2109,20321
CUST101267,M,32.0,Seoul,Silver,7,139400.0,464700.0,3.4,2026-05-27,N,Electronics,2024-08-26,customer1267@example.com,1,30,2,5,644,66385
CUST100446,M,39.0,Gyeonggi,Basic,9,70400.0,142400.0,3.8,2026-05-26,Y,Sports,2021-11-18,customer446@example.com,0,30,1,6,1656,15822
CUST101008,F,19.0,Busan,Silver,6,45000.0,95900.0,3.9,2025-12-30,Y,Home,2021-05-10,customer1008@example.com,0,10,1,153,1848,15983
CUST100728,F,49.0,Gwangju,Basic,9,60500.0,276100.0,4.9,2026-05-20,N,Food,2024-12-29,customer728@example.com,1,40,2,12,519,30677
CUST101351,M,48.0,Busan,Basic,7,73300.0,196400.0,3.5,2026-05-01,Y,Electronics,2025-06-26,customer1351@example.com,1,40,2,31,340,28057
CUST101343,F,55.0,Incheon,Basic,10,117500.0,226400.0,3.6,2025-12-12,N,Food,2021-01-30,customer1343@example.com,1,50,2,171,1948,22640
CUST100048,F,58.0,Daejeon,Gold,17,135900.0,402300.0,3.3,2026-02-25,N,Food,2024-09-09,customer48@example.com,1,50,2,96,630,23664
CUST100183,M,30.0,Gyeonggi,Gold,12,231500.0,595200.0,4.6,2026-05-28,Y,Electronics,2024-05-07,customer183@example.com,1,30,3,4,755,49600
CUST100365,F,45.0,Gyeonggi,Gold,7,116100.0,318200.0,4.5,2026-06-14,Y,Sports,2024-07-02,customer365@example.com,1,40,2,-13,699,45457
CUST100981,M,43.0,Seoul,Basic,7,55900.0,228800.0,4.1,2026-06-21,Y,Food,2024-07-27,customer981@example.com,1,40,2,-20,674,32685
CUST100060,F,42.0,Seoul,Silver,6,89900.0,254800.0,4.9,2026-05-29,N,Home,2025-11-08,customer60@example.com,1,40,2,3,205,42466
CUST100069,F,69.5,Gwangju,Silver,11,127200.0,444300.0,4.1,2026-03-24,N,Beauty,2025-06-17,customer69@example.com,0,60,2,69,349,40390
CUST100322,F,36.0,Gwangju,Silver,12,71200.0,266600.0,2.7,2026-03-25,N,Sports,2020-06-26,customer322@example.com,0,30,2,68,2166,22216
CUST101117,M,33.0,Gwangju,Basic,11,60400.0,271700.0,2.1,2026-04-02,N,Fashion,2020-11-04,customer1117@example.com,1,30,2,60,2035,24700
CUST100937,F,36.0,Gwangju,Silver,8,144500.0,378300.0,3.2,2026-02-19,N,Home,2024-03-18,customer937@example.com,0,30,2,102,805,47287
CUST100065,F,49.0,Seoul,Gold,4,101800.0,111100.0,4.9,2026-05-25,Y,Home,2025-08-04,customer65@example.com,0,40,1,7,301,27775
CUST101080,F,31.0,Gwangju,Silver,8,124200.0,252400.0,4.0,2026-05-31,Y,Fashion,2020-10-30,customer1080@example.com,1,30,2,1,2040,31550
CUST101498,F,44.0,Gyeonggi,Basic,15,142700.0,739700.0,3.7,2026-04-27,Y,Fashion,2022-03-03,customer1498@example.com,1,40,3,35,1551,49313
CUST100092,F,27.0,Gyeonggi,Gold,11,154300.0,941000.0,4.8,2026-04-25,N,Sports,2022-10-28,customer92@example.com,1,20,3,37,1312,85545
CUST100562,F,19.0,Gyeonggi,Basic,9,49100.0,239600.0,3.0,2026-05-06,N,Home,2023-02-15,customer562@example.com,0,10,2,26,1202,26622
CUST100196,M,47.0,Gyeonggi,Basic,6,62400.0,127200.0,3.6,2026-06-22,Y,Food,2021-11-10,customer196@example.com,0,40,1,-21,1664,21200
CUST101112,M,41.0,Seoul,Basic,7,85100.0,275200.0,3.6,2026-05-23,N,Fashion,2021-03-12,customer1112@example.com,1,40,2,9,1907,39314
CUST101330,F,49.0,Gwangju,Basic,11,117500.0,283000.0,3.8,2026-03-27,Y,Beauty,2022-08-01,customer1330@example.com,0,40,2,66,1400,25727
CUST100585,M,47.0,Seoul,Basic,6,65100.0,220900.0,2.2,2026-05-05,N,Fashion,2024-12-24,customer585@example.com,0,40,2,27,524,36816
CUST100171,F,33.0,Seoul,Silver,8,122800.0,111900.0,2.9,2026-05-21,N,Sports,2023-10-18,customer171@example.com,0,30,1,11,957,13987
CUST100776,M,48.0,Gyeonggi,Basic,7,110100.0,474000.0,5.0,2026-05-13,N,Electronics,2022-07-07,customer776@example.com,0,40,2,19,1425,67714
CUST100838,F,41.0,Daegu,Basic,14,112200.0,569700.0,4.2,2026-06-05,Y,Food,2023-11-06,customer838@example.com,1,40,3,-4,938,40692
CUST100642,F,31.0,Incheon,Basic,12,80800.0,164100.0,4.3,2026-05-30,N,Sports,2024-08-23,customer642@example.com,0,30,1,2,647,13675
CUST100198,M,58.0,Daejeon,Vip,10,246700.0,545200.0,3.0,2026-05-29,Y,Electronics,2021-05-28,customer198@example.com,1,50,3,3,1830,54520
CUST100661,F,47.0,Gwangju,Silver,7,104500.0,111200.0,4.9,2026-03-20,N,Fashion,2024-09-08,customer661@example.com,0,40,1,73,631,15885
CUST100249,M,23.0,Daejeon,Basic,7,38600.0,103200.0,3.8,2026-03-19,Y,Home,2023-12-30,customer249@example.com,0,20,1,74,884,14742
CUST101182,M,58.0,Gyeonggi,Silver,12,86000.0,562400.0,4.7,2026-04-16,N,Fashion,2024-12-31,customer1182@example.com,1,50,3,46,517,46866
CUST100925,F,40.0,Gwangju,Basic,5,81700.0,245900.0,3.4,2026-06-24,Y,Food,2025-08-04,customer925@example.com,0,40,2,-23,301,49180
CUST101163,M,48.0,Gwangju,Silver,14,94700.0,373600.0,4.1,2026-04-23,N,Sports,2024-06-26,customer1163@example.com,1,40,2,39,705,26685
CUST100615,M,50.0,Busan,Basic,6,107000.0,225000.0,3.4,2026-05-18,N,Beauty,2025-12-31,customer615@example.com,0,50,2,14,152,37500
CUST100320,F,54.0,Gyeonggi,Basic,4,74000.0,76300.0,3.6,2025-11-29,N,Food,2025-01-01,customer320@example.com,0,50,1,184,516,19075
CUST100804,M,34.0,Daejeon,Basic,10,28900.0,60000.0,3.3,2026-06-14,N,Sports,2023-12-30,customer804@example.com,0,30,1,-13,884,6000
CUST101237,F,37.0,Gwangju,Basic,5,96400.0,293500.0,3.7,2026-04-29,Y,Food,2021-06-24,customer1237@example.com,0,30,2,33,1803,58700
CUST101242,F,39.0,Daegu,Basic,5,58200.0,102100.0,2.1,2026-05-04,N,Fashion,2025-03-23,customer1242@example.com,0,30,1,28,435,20420
CUST100936,F,49.0,Seoul,Gold,12,178500.0,806700.0,3.5,2026-04-06,N,Home,2022-02-07,customer936@example.com,1,40,3,56,1575,67225
CUST100394,F,37.0,Gyeonggi,Basic,11,183400.0,774600.0,4.1,2026-04-21,Y,Electronics,2023-09-26,customer394@example.com,1,30,3,41,979,70418
CUST100234,M,69.5,Busan,Basic,13,49000.0,218800.0,4.0,2026-05-10,Y,Food,2024-08-21,customer234@example.com,1,60,2,22,649,16830
CUST100879,M,33.0,Gyeonggi,Gold,10,197700.0,371700.0,3.9,2026-03-28,N,Electronics,2023-10-17,customer879@example.com,0,30,2,65,958,37170
CUST100706,M,35.0,Busan,Basic,8,31300.0,86000.0,4.1,2026-04-08,Y,Beauty,2024-01-21,customer706@example.com,0,30,1,54,862,10750
CUST100927,M,47.0,Seoul,Silver,13,210700.0,1060200.0,3.3,2026-04-28,N,Electronics,2023-02-27,customer927@example.com,1,40,3,34,1190,81553
CUST100207,F,26.0,Gwangju,Basic,10,146600.0,389800.0,4.9,2026-03-10,Y,Food,2023-02-20,customer207@example.com,0,20,2,83,1197,38980
CUST100386,M,34.0,Daejeon,Gold,12,174000.0,524100.0,2.5,2025-12-09,Y,Sports,2023-11-05,customer386@example.com,0,30,2,174,939,43675
CUST101133,F,43.0,Daejeon,Vip,10,159200.0,421800.0,3.4,2026-05-19,N,Food,2022-11-22,customer1133@example.com,0,40,2,13,1287,42180
CUST101282,M,32.0,Incheon,Gold,10,173800.0,356900.0,3.7,2026-04-11,N,Home,2025-05-06,customer1282@example.com,1,30,2,51,391,35690
CUST101261,M,19.0,Daegu,Silver,11,141700.0,873600.0,3.7,2026-03-07,N,Fashion,2024-02-02,customer1261@example.com,1,10,3,86,850,79418
CUST100636,F,42.0,Gyeonggi,Vip,9,209300.0,395100.0,2.7,2026-02-16,N,Food,2025-05-27,customer636@example.com,1,40,2,105,370,43900
CUST101344,M,37.0,Incheon,Basic,6,123200.0,111800.0,4.2,2026-04-22,N,Electronics,2023-08-08,customer1344@example.com,0,30,1,40,1028,18633
CUST101002,F,54.0,Gyeonggi,Silver,6,112500.0,376800.0,4.0,2026-04-23,N,Food,2021-04-15,customer1002@example.com,0,50,2,39,1873,62800
CUST100710,M,41.0,Seoul,Silver,8,53900.0,99100.0,3.6,2026-05-22,N,Fashion,2024-08-25,customer710@example.com,0,40,1,10,645,12387
CUST101350,F,29.0,Daejeon,Gold,8,182800.0,388200.0,4.0,2026-03-27,Y,Food,2021-12-30,customer1350@example.com,1,20,2,66,1614,48525
CUST100128,F,49.0,Incheon,Gold,9,174100.0,883800.0,4.5,2026-04-02,N,Beauty,2023-06-14,customer128@example.com,1,40,3,60,1083,98200
CUST101143,M,33.0,Gyeonggi,Gold,8,158200.0,273100.0,4.0,2026-03-16,N,Food,2025-05-23,customer1143@example.com,0,30,2,77,374,34137
CUST101342,F,46.0,Daejeon,Basic,7,91100.0,206700.0,3.4,2026-06-07,Y,Fashion,2022-09-03,customer1342@example.com,0,40,2,-6,1367,29528
CUST100763,M,44.0,Busan,Basic,9,117500.0,494500.0,3.1,2026-05-06,Y,Beauty,2022-10-19,customer763@example.com,1,40,2,26,1321,54944
CUST100679,F,47.0,Seoul,Basic,8,90000.0,313600.0,3.7,2026-02-20,N,Food,2025-08-25,customer679@example.com,1,40,2,101,280,39200
CUST101147,M,39.0,Seoul,Gold,10,198500.0,972900.0,3.2,2026-03-08,N,Beauty,2022-01-17,customer1147@example.com,1,30,3,85,1596,97290
CUST100106,F,41.0,Daegu,Basic,7,143800.0,375500.0,3.6,2026-03-31,N,Electronics,2022-06-10,customer106@example.com,0,40,2,62,1452,53642
CUST100294,M,28.0,Seoul,Gold,9,105100.0,348200.0,3.2,2026-06-07,Y,Beauty,2025-11-06,customer294@example.com,0,20,2,-6,207,38688
CUST100282,F,36.0,Gyeonggi,Gold,12,194700.0,876100.0,4.6,2026-05-21,N,Electronics,2024-05-07,customer282@example.com,1,30,3,11,755,73008
CUST101038,F,35.0,Incheon,Silver,7,141800.0,494700.0,2.8,2026-03-25,N,Home,2023-01-07,customer1038@example.com,0,30,2,68,1241,70671
CUST101445,F,32.0,Incheon,Gold,10,142000.0,611100.0,4.2,2026-06-06,Y,Beauty,2022-08-08,customer1445@example.com,1,30,3,-5,1393,61110
CUST100247,M,44.0,Gyeonggi,Basic,7,52200.0,133400.0,2.2,2026-05-16,N,Food,2020-09-23,customer247@example.com,0,40,1,16,2077,19057
CUST100255,M,29.0,Gyeonggi,Basic,8,118800.0,133800.0,4.2,2026-05-03,Y,Electronics,2023-11-04,customer255@example.com,1,20,1,29,940,16725
CUST101303,F,46.0,Seoul,Basic,10,53700.0,117700.0,2.6,2026-05-24,N,Home,2020-06-29,customer1303@example.com,0,40,1,8,2163,11770
CUST100091,F,32.0,Daejeon,Gold,10,153500.0,748500.0,3.0,2026-01-23,Y,Sports,2022-04-26,customer91@example.com,1,30,3,129,1497,74850
CUST101366,M,37.0,Gwangju,Gold,10,175100.0,879400.0,3.3,2026-05-22,Y,Electronics,2022-07-16,customer1366@example.com,0,30,3,10,1416,87940
CUST100007,F,35.0,Daejeon,Silver,4,128700.0,272400.0,3.8,2026-06-16,Y,Electronics,2021-02-05,customer7@example.com,1,30,2,-15,1942,68100
CUST100067,F,46.0,Busan,Silver,8,81000.0,172000.0,4.2,2025-09-23,N,Home,2022-07-08,customer67@example.com,0,40,1,251,1424,21500
CUST101171,M,35.0,Gwangju,Basic,10,113700.0,248400.0,4.1,2026-04-21,N,Electronics,2022-03-16,customer1171@example.com,0,30,2,41,1538,24840
CUST101281,M,69.5,Gwangju,Silver,6,120900.0,113700.0,4.4,2026-04-17,Y,Home,2022-06-16,customer1281@example.com,1,60,1,45,1446,18950
CUST101426,F,43.0,Busan,Basic,8,142200.0,254800.0,3.8,2026-06-28,Y,Electronics,2021-08-21,customer1426@example.com,0,40,2,-27,1745,31850
CUST100904,M,47.0,Daegu,Basic,9,135100.0,611800.0,4.2,2026-04-24,Y,Beauty,2021-02-19,customer904@example.com,1,40,3,38,1928,67977
CUST100120,M,43.0,Incheon,Silver,7,35600.0,107000.0,2.0,2026-06-06,N,Fashion,2022-03-18,customer120@example.com,1,40,1,-5,1536,15285
CUST101098,F,52.0,Gyeonggi,Vip,7,215800.0,651600.0,4.6,2026-05-08,N,Home,2022-09-02,customer1098@example.com,1,50,3,24,1368,93085
CUST100717,F,40.0,Seoul,Gold,6,164300.0,444800.0,3.1,2026-03-12,N,Food,2021-02-11,customer717@example.com,0,40,2,81,1936,74133
CUST100958,F,35.0,Seoul,Vip,6,187900.0,572800.0,4.4,2025-10-26,Y,Sports,2025-09-21,customer958@example.com,1,30,3,218,253,95466
CUST100732,F,33.0,Gyeonggi,Basic,8,44500.0,131100.0,3.5,2026-06-09,Y,Beauty,2025-10-17,customer732@example.com,0,30,1,-8,227,16387
CUST100806,F,26.0,Gyeonggi,Basic,10,147500.0,834700.0,3.4,2026-04-27,N,Beauty,2025-05-15,customer806@example.com,1,20,3,35,382,83470
CUST100680,M,32.0,Gwangju,Basic,9,113400.0,439200.0,3.3,2026-03-14,N,Fashion,2023-09-28,customer680@example.com,0,30,2,79,977,48800
CUST101452,F,60.0,Daejeon,Gold,9,153800.0,495500.0,3.9,2026-04-15,N,Beauty,2023-09-30,customer1452@example.com,1,60,2,47,975,55055
CUST101070,F,42.0,Incheon,Gold,7,90200.0,306200.0,4.2,2026-04-20,N,Home,2025-06-26,customer1070@example.com,1,40,2,42,340,43742
CUST100030,F,50.0,Daejeon,Silver,9,112000.0,429200.0,3.6,2026-05-08,Y,Beauty,2024-06-18,customer30@example.com,0,50,2,24,713,47688
CUST101209,F,30.0,Daejeon,Basic,9,93300.0,318700.0,4.3,2026-03-11,N,Home,2020-11-25,customer1209@example.com,0,30,2,82,2014,35411
CUST101496,F,41.0,Seoul,Silver,13,102000.0,325500.0,4.6,2026-05-21,N,Sports,2022-04-03,customer1496@example.com,1,40,2,11,1520,25038
CUST101459,F,32.0,Seoul,Silver,5,115900.0,223900.0,5.0,2026-03-17,N,Fashion,2022-11-16,customer1459@example.com,0,30,2,76,1293,44780
CUST100313,M,54.0,Daegu,Basic,11,131000.0,654800.0,3.6,2026-01-24,Y,Food,2023-12-30,customer313@example.com,1,50,3,128,884,59527
CUST100257,M,37.0,Gyeonggi,Basic,4,102200.0,204600.0,3.4,2025-11-30,N,Fashion,2024-08-08,customer257@example.com,0,30,2,183,662,51150
CUST100934,F,44.0,Seoul,Silver,12,164400.0,706700.0,2.6,2026-06-04,N,Fashion,2024-12-01,customer934@example.com,0,40,3,-3,547,58891
CUST101136,F,37.0,Gwangju,Basic,8,129000.0,458100.0,3.0,2026-05-06,N,Electronics,2024-11-24,customer1136@example.com,0,30,2,26,554,57262
CUST100232,F,48.0,Gyeonggi,Basic,8,84600.0,82500.0,3.3,2026-03-16,N,Sports,2024-06-26,customer232@example.com,0,40,1,77,705,10312
CUST101388,F,39.0,Seoul,Silver,7,147100.0,294400.0,4.7,2026-06-01,Y,Beauty,2024-08-30,customer1388@example.com,1,30,2,0,640,42057
CUST100408,M,27.0,Incheon,Basic,9,34500.0,163700.0,4.1,2026-01-31,N,Food,2022-11-06,customer408@example.com,0,20,1,121,1303,18188
CUST100064,F,21.0,Seoul,Silver,14,132300.0,599400.0,2.9,2026-05-28,Y,Beauty,2025-07-01,customer64@example.com,1,20,3,4,335,42814
CUST100541,M,45.0,Seoul,Basic,4,77300.0,167000.0,4.7,2026-05-16,Y,Fashion,2022-04-08,customer541@example.com,0,40,1,16,1515,41750
CUST101160,M,37.0,Seoul,Gold,8,188900.0,383300.0,3.6,2025-11-21,N,Fashion,2023-03-26,customer1160@example.com,0,30,2,192,1163,47912
CUST101127,M,35.0,Seoul,Gold,7,117500.0,379000.0,3.9,2026-04-24,N,Fashion,2024-04-21,customer1127@example.com,1,30,2,38,771,54142
CUST100677,F,48.0,Gyeonggi,Basic,7,111100.0,190700.0,3.2,2026-06-20,N,Fashion,2021-07-29,customer677@example.com,1,40,2,-19,1768,27242
CUST100150,M,46.0,Gyeonggi,Basic,11,83400.0,358000.0,4.2,2026-03-25,N,Beauty,2022-12-06,customer150@example.com,0,40,2,68,1273,32545
CUST101246,F,48.0,Gyeonggi,Basic,10,118600.0,306400.0,4.0,2026-06-17,Y,Fashion,2022-08-14,customer1246@example.com,1,40,2,-16,1387,30640
CUST100086,M,41.0,Gwangju,Basic,15,114400.0,742700.0,4.0,2026-06-11,N,Beauty,2023-07-07,customer86@example.com,0,40,3,-10,1060,49513
CUST100613,F,56.0,Gyeonggi,Gold,10,117500.0,329100.0,2.4,2026-06-07,N,Electronics,2021-06-16,customer613@example.com,1,50,2,-6,1811,32910
CUST100339,F,49.0,Gyeonggi,Silver,14,154500.0,1060200.0,4.8,2026-04-22,N,Fashion,2022-12-20,customer339@example.com,1,40,3,40,1259,75728
CUST101027,M,39.0,Busan,Basic,7,85100.0,97500.0,2.1,2026-04-22,N,Fashion,2023-10-30,customer1027@example.com,0,30,1,40,945,13928
CUST100204,F,46.0,Seoul,Basic,10,5000.0,14100.0,4.1,2026-05-18,N,Food,2025-04-03,customer204@example.com,0,40,1,14,424,1410
CUST100047,F,39.0,Seoul,Basic,8,92900.0,242900.0,3.9,2026-05-26,N,Food,2022-07-04,customer47@example.com,1,30,2,6,1428,30362
CUST101104,F,41.0,Busan,Silver,11,92500.0,399100.0,4.8,2026-02-28,N,Food,2022-05-27,customer1104@example.com,0,40,2,93,1466,36281
CUST100268,F,31.0,Incheon,Basic,7,108600.0,98200.0,5.0,2026-05-30,Y,Electronics,2021-03-06,customer268@example.com,0,30,1,2,1913,14028
CUST100800,F,41.0,Busan,Silver,5,97200.0,97800.0,4.2,2025-12-27,Y,Sports,2022-04-18,customer800@example.com,0,40,1,156,1505,19560
CUST101483,F,38.0,Seoul,Gold,10,194100.0,870700.0,3.2,2026-03-24,Y,Home,2021-06-22,customer1483@example.com,1,30,3,69,1805,87070
CUST100023,M,45.0,Gwangju,Gold,8,171300.0,650500.0,4.3,2026-02-08,N,Beauty,2025-04-02,customer23@example.com,0,40,3,113,425,81312
CUST101048,F,63.0,Gyeonggi,Vip,8,144600.0,388900.0,3.6,2026-06-01,Y,Fashion,2024-07-25,customer1048@example.com,1,60,2,0,676,48612
CUST100071,M,56.0,Gwangju,Silver,9,69000.0,147200.0,4.1,2026-06-20,N,Beauty,2024-09-16,customer71@example.com,1,50,1,-19,623,16355
CUST101022,M,47.0,Seoul,Silver,11,75600.0,265400.0,5.0,2026-05-15,N,Home,2021-05-15,customer1022@example.com,0,40,2,17,1843,24127
CUST101277,F,33.0,Gyeonggi,Gold,7,129200.0,365500.0,3.2,2026-05-21,N,Beauty,2023-03-27,customer1277@example.com,0,30,2,11,1162,52214
CUST100794,F,21.0,Seoul,Vip,14,203700.0,1060200.0,4.5,2026-05-18,Y,Fashion,2023-06-25,customer794@example.com,1,20,3,14,1072,75728
CUST100564,F,32.0,Gwangju,Silver,13,109800.0,602300.0,4.4,2026-06-06,Y,Fashion,2024-04-27,customer564@example.com,1,30,3,-5,765,46330
CUST101447,M,40.0,Gwangju,Gold,5,115300.0,217600.0,3.1,2026-05-04,N,Food,2022-05-23,customer1447@example.com,0,40,2,28,1470,43520
CUST101384,M,20.0,Seoul,Basic,8,58500.0,55100.0,3.5,2026-05-19,Y,Fashion,2024-12-12,customer1384@example.com,0,20,1,13,536,6887
CUST101191,F,43.0,Gyeonggi,Basic,8,53800.0,222500.0,4.5,2026-06-26,N,Beauty,2024-05-19,customer1191@example.com,0,40,2,-25,743,27812
CUST101040,F,58.0,Busan,Basic,11,88500.0,172800.0,3.8,2026-04-30,N,Sports,2021-06-01,customer1040@example.com,0,50,1,32,1826,15709
CUST100119,M,38.0,Seoul,Vip,8,117500.0,714100.0,4.0,2026-03-26,N,Electronics,2021-05-18,customer119@example.com,1,30,3,67,1840,89262
CUST101307,M,31.0,Gwangju,Basic,14,149400.0,684800.0,4.3,2026-03-22,N,Sports,2022-07-26,customer1307@example.com,0,30,3,71,1406,48914
CUST100632,F,25.0,Gyeonggi,Silver,7,67600.0,142600.0,3.5,2026-05-10,Y,Fashion,2022-05-22,customer632@example.com,1,20,1,22,1471,20371
CUST101296,M,49.0,Gwangju,Basic,9,49900.0,98800.0,2.8,2026-03-11,N,Food,2021-10-02,customer1296@example.com,0,40,1,82,1703,10977
CUST101352,F,48.0,Seoul,Silver,13,83700.0,367900.0,3.5,2026-03-22,N,Home,2024-12-16,customer1352@example.com,0,40,2,71,532,28300
CUST100351,F,39.0,Gyeonggi,Gold,11,125900.0,553800.0,3.7,2026-05-20,N,Fashion,2021-07-02,customer351@example.com,0,30,3,12,1795,50345
CUST100845,F,57.0,Daejeon,Gold,8,165200.0,304100.0,3.7,2026-05-19,Y,Fashion,2022-08-23,customer845@example.com,0,50,2,13,1378,38012
CUST101279,M,35.0,Incheon,Basic,12,99200.0,286800.0,4.7,2026-05-31,Y,Fashion,2025-06-16,customer1279@example.com,1,30,2,1,350,23900
CUST101434,M,21.0,Daegu,Gold,5,207800.0,204100.0,5.0,2026-04-04,N,Electronics,2023-01-30,customer1434@example.com,1,20,2,58,1218,40820
CUST100177,M,26.0,Gyeonggi,Silver,8,61700.0,53600.0,3.9,2026-04-06,Y,Fashion,2023-04-28,customer177@example.com,0,20,1,56,1130,6700
CUST100533,M,25.0,Seoul,Basic,6,10600.0,20700.0,4.3,2026-05-25,Y,Home,2024-11-06,customer533@example.com,1,20,1,7,572,3450
CUST100756,F,30.0,Gyeonggi,Silver,13,98100.0,279700.0,3.0,2026-02-21,Y,Food,2024-05-21,customer756@example.com,0,30,2,100,741,21515
CUST100603,M,65.0,Daejeon,Gold,4,72100.0,144400.0,3.7,2026-04-16,Y,Sports,2021-11-11,customer603@example.com,0,60,1,46,1663,36100
CUST100681,M,43.0,Gyeonggi,Gold,5,114600.0,295000.0,3.8,2026-03-28,Y,Beauty,2020-07-30,customer681@example.com,0,40,2,65,2132,59000
CUST100944,F,45.0,Daejeon,Basic,9,159300.0,521200.0,4.4,2026-04-02,N,Electronics,2022-08-10,customer944@example.com,1,40,2,60,1391,57911
CUST101208,M,59.0,Daegu,Vip,10,191100.0,489100.0,3.2,2026-04-13,N,Beauty,2024-10-30,customer1208@example.com,1,50,2,49,579,48910
CUST101012,M,30.0,Seoul,Basic,4,54200.0,49800.0,3.9,2026-02-09,Y,Electronics,2021-03-03,customer1012@example.com,0,30,1,112,1916,12450
CUST100959,M,27.0,Daejeon,Silver,10,117500.0,520700.0,2.7,2026-05-31,N,Electronics,2021-03-23,customer959@example.com,1,20,2,1,1896,52070
CUST100393,F,38.0,Seoul,Gold,10,164400.0,341000.0,3.7,2026-04-24,N,Electronics,2025-09-27,customer393@example.com,1,30,2,38,247,34100
CUST101355,F,29.0,Daejeon,Basic,4,112200.0,99700.0,5.0,2026-03-12,N,Beauty,2021-10-23,customer1355@example.com,0,20,1,81,1682,24925
CUST101473,F,40.0,Incheon,Silver,14,161300.0,845900.0,4.7,2026-03-10,N,Electronics,2023-08-23,customer1473@example.com,1,40,3,83,1013,60421
CUST100700,M,41.0,Gwangju,Silver,7,113300.0,336800.0,2.8,2026-03-27,N,Electronics,2023-10-27,customer700@example.com,0,40,2,66,948,48114
CUST101225,F,41.0,Seoul,Basic,8,71300.0,326700.0,2.5,2026-04-05,N,Beauty,2022-01-20,customer1225@example.com,0,40,2,57,1593,40837
CUST101211,F,47.0,Seoul,Silver,6,102500.0,206800.0,3.6,2026-04-22,Y,Food,2022-01-03,customer1211@example.com,1,40,2,40,1610,34466
CUST100163,M,46.0,Incheon,Basic,12,143400.0,631300.0,3.0,2026-04-25,N,Electronics,2022-07-08,customer163@example.com,0,40,3,37,1424,52608
CUST100929,F,34.0,Seoul,Silver,7,118700.0,347400.0,4.2,2026-05-22,Y,Sports,2022-02-26,customer929@example.com,1,30,2,10,1556,49628
CUST100132,M,35.0,Seoul,Basic,6,78000.0,159200.0,4.5,2026-02-11,Y,Food,2021-12-12,customer132@example.com,1,30,1,110,1632,26533
CUST100974,F,39.0,Gyeonggi,Silver,5,160200.0,139900.0,4.3,2026-06-17,N,Electronics,2023-07-01,customer974@example.com,0,30,1,-16,1066,27980
CUST101077,M,38.0,Gwangju,Silver,6,120000.0,367600.0,3.7,2026-05-27,N,Beauty,2020-07-25,customer1077@example.com,0,30,2,5,2137,61266
CUST100397,M,24.0,Gwangju,Gold,7,198000.0,168500.0,4.9,2026-06-11,Y,Food,2021-03-28,customer397@example.com,1,20,1,-10,1891,24071
CUST101122,F,66.0,Seoul,Gold,12,160100.0,542000.0,4.3,2026-06-14,N,Beauty,2023-07-31,customer1122@example.com,1,60,3,-13,1036,45166
CUST100782,F,38.0,Gyeonggi,Vip,13,148100.0,748600.0,4.6,2026-05-31,N,Sports,2023-08-03,customer782@example.com,0,30,3,1,1033,57584
CUST101032,F,21.0,Seoul,Gold,6,119300.0,272900.0,4.0,2026-06-18,Y,Beauty,2020-07-13,customer1032@example.com,1,20,2,-17,2149,45483
CUST100582,M,46.0,Gyeonggi,Basic,12,100800.0,574000.0,4.3,2026-05-10,Y,Fashion,2021-10-10,customer582@example.com,1,40,3,22,1695,47833
CUST101294,M,36.0,Daegu,Silver,6,74800.0,167900.0,5.0,2026-05-23,N,Fashion,2023-02-02,customer1294@example.com,0,30,1,9,1215,27983
CUST100305,F,29.0,Seoul,Basic,5,40900.0,70600.0,4.9,2026-06-02,N,Home,2024-02-07,customer305@example.com,0,20,1,-1,845,14120
CUST100988,F,47.0,Busan,Basic,13,5000.0,25100.0,3.2,2026-04-15,N,Sports,2020-11-16,customer988@example.com,0,40,1,47,2023,1930
CUST100107,M,51.0,Seoul,Silver,12,96100.0,344300.0,3.9,2026-05-29,Y,Sports,2022-09-14,customer107@example.com,0,50,2,3,1356,28691
CUST100502,M,28.0,Daejeon,Silver,9,140500.0,765700.0,3.2,2026-06-04,Y,Food,2020-11-19,customer502@example.com,0,20,3,-3,2020,85077
CUST100873,M,43.0,Seoul,Silver,12,57800.0,230700.0,3.0,2026-03-27,Y,Home,2024-10-19,customer873@example.com,0,40,2,66,590,19225
CUST100857,M,18.0,Seoul,Silver,7,170000.0,583000.0,3.6,2026-04-12,Y,Electronics,2024-12-28,customer857@example.com,1,10,3,50,520,83285
CUST101340,M,39.0,Daejeon,Vip,4,175500.0,399700.0,4.7,2026-06-19,N,Fashion,2020-08-19,customer1340@example.com,0,30,2,-18,2112,99925
CUST100910,M,25.0,Seoul,Basic,7,96100.0,424900.0,3.6,2026-02-16,Y,Food,2020-12-20,customer910@example.com,0,20,2,105,1989,60700
CUST100458,M,31.0,Gyeonggi,Vip,9,145300.0,649100.0,3.8,2025-12-10,N,Food,2021-05-09,customer458@example.com,1,30,3,173,1849,72122
CUST100087,M,40.0,Gyeonggi,Basic,7,74800.0,155500.0,2.4,2026-05-22,N,Home,2023-08-25,customer87@example.com,0,40,1,10,1011,22214
CUST100713,M,42.0,Seoul,Gold,10,89200.0,408400.0,3.0,2026-03-28,N,Fashion,2023-12-10,customer713@example.com,0,40,2,65,904,40840
CUST101170,M,58.0,Gyeonggi,Silver,7,71600.0,194800.0,4.6,2025-08-15,N,Food,2021-07-30,customer1170@example.com,0,50,2,290,1767,27828
CUST101413,F,60.0,Seoul,Gold,6,117500.0,239700.0,2.6,2026-06-01,N,Food,2021-08-13,customer1413@example.com,0,60,2,0,1753,39950
CUST101169,M,47.0,Seoul,Basic,12,195200.0,1060200.0,3.3,2026-01-20,N,Electronics,2022-09-11,customer1169@example.com,0,40,3,132,1359,88350
CUST101159,F,34.0,Incheon,Silver,12,95600.0,635900.0,3.6,2026-02-04,Y,Food,2020-11-27,customer1159@example.com,0,30,3,117,2012,52991
CUST100513,F,40.0,Gyeonggi,Silver,9,72500.0,294400.0,2.6,2026-02-14,N,Food,2023-04-27,customer513@example.com,0,40,2,107,1131,32711
CUST100955,F,32.0,Gyeonggi,Gold,7,131600.0,242400.0,4.8,2026-04-06,N,Food,2025-04-09,customer955@example.com,0,30,2,56,418,34628
CUST101224,F,38.0,Incheon,Vip,5,200200.0,361700.0,5.0,2026-05-20,N,Beauty,2025-01-13,customer1224@example.com,1,30,2,12,504,72340
CUST100026,F,28.0,Daegu,Basic,16,110200.0,427400.0,2.7,2026-03-05,N,Sports,2024-08-26,customer26@example.com,0,20,2,88,644,26712
CUST100657,M,46.0,Incheon,Gold,10,212900.0,945200.0,3.6,2026-05-11,N,Fashion,2024-11-11,customer657@example.com,1,40,3,21,567,94520
CUST101028,F,36.0,Gyeonggi,Vip,9,231500.0,515000.0,2.5,2026-05-12,N,Sports,2025-02-07,customer1028@example.com,0,30,2,20,479,57222
CUST100345,F,60.0,Gyeonggi,Gold,9,147400.0,633400.0,3.6,2026-02-18,Y,Fashion,2020-09-15,customer345@example.com,0,60,3,103,2085,70377
CUST100909,F,36.0,Gyeonggi,Silver,10,126600.0,667900.0,4.2,2026-04-02,Y,Fashion,2025-12-22,customer909@example.com,1,30,3,60,161,66790
CUST100009,F,33.0,Gyeonggi,Silver,9,73200.0,395900.0,2.1,2026-01-06,N,Fashion,2021-05-21,customer9@example.com,0,30,2,146,1837,43988
CUST101063,F,37.0,Gyeonggi,Basic,5,95600.0,249800.0,3.6,2026-02-16,Y,Home,2022-03-01,customer1063@example.com,0,30,2,105,1553,49960
CUST101177,F,29.0,Gyeonggi,Vip,7,246700.0,1060200.0,5.0,2026-04-11,N,Electronics,2022-03-06,customer1177@example.com,1,20,3,51,1548,151457
CUST100933,F,47.0,Gyeonggi,Basic,8,151200.0,464000.0,2.1,2026-01-17,N,Electronics,2024-06-22,customer933@example.com,0,40,2,135,709,58000
CUST100185,F,43.0,Daejeon,Gold,17,191600.0,801900.0,2.4,2026-04-15,N,Electronics,2020-09-18,customer185@example.com,1,40,3,47,2082,47170
CUST100840,F,61.0,Daejeon,Basic,11,65700.0,402500.0,2.6,2026-04-29,N,Fashion,2020-11-28,customer840@example.com,1,60,2,33,2011,36590
CUST100220,F,33.0,Daegu,Silver,6,81200.0,170900.0,3.3,2026-03-06,N,Fashion,2025-03-14,customer220@example.com,0,30,1,87,444,28483
CUST100765,M,38.0,Seoul,Silver,7,142900.0,467000.0,2.5,2026-05-31,Y,Electronics,2025-08-03,customer765@example.com,1,30,2,1,302,66714
CUST100817,M,40.0,Daejeon,Silver,8,134500.0,123700.0,4.1,2026-04-24,N,Food,2021-12-24,customer817@example.com,0,40,1,38,1620,15462
CUST100839,F,27.0,Seoul,Silver,7,203000.0,601700.0,2.4,2026-04-13,N,Electronics,2024-06-10,customer839@example.com,0,20,3,49,721,85957
CUST100678,F,36.0,Seoul,Gold,9,139600.0,523800.0,4.3,2026-04-22,Y,Sports,2025-10-15,customer678@example.com,1,30,2,40,229,58200
CUST101199,F,31.0,Gyeonggi,Basic,10,41500.0,194200.0,5.0,2026-05-23,Y,Fashion,2022-06-21,customer1199@example.com,0,30,2,9,1441,19420
CUST100131,F,59.0,Gyeonggi,Basic,9,230700.0,693900.0,3.1,2026-05-21,N,Electronics,2020-11-05,customer131@example.com,1,50,3,11,2034,77100
CUST100668,F,29.0,Incheon,Gold,6,192100.0,189500.0,3.6,2026-04-26,Y,Electronics,2021-12-25,customer668@example.com,1,20,2,36,1619,31583
CUST100519,F,60.0,Seoul,Silver,7,143600.0,279600.0,4.0,2026-05-14,Y,Home,2022-10-08,customer519@example.com,1,60,2,18,1332,39942
CUST100692,F,21.0,Incheon,Basic,9,177300.0,538000.0,3.9,2026-04-03,Y,Electronics,2022-12-22,customer692@example.com,0,20,3,59,1257,59777
CUST101441,M,37.0,Daegu,Silver,10,168500.0,739400.0,3.2,2026-05-02,N,Beauty,2023-09-16,customer1441@example.com,1,30,3,30,989,73940
CUST100476,M,56.0,Gwangju,Basic,15,98400.0,386200.0,4.0,2026-03-27,Y,Home,2025-02-16,customer476@example.com,1,50,2,66,470,25746
CUST100340,M,43.0,Daejeon,Basic,9,131800.0,229000.0,2.7,2026-04-14,Y,Electronics,2025-05-13,customer340@example.com,0,40,2,48,384,25444
CUST100649,F,36.0,Incheon,Silver,10,142600.0,773500.0,2.9,2026-06-18,N,Beauty,2023-07-21,customer649@example.com,1,30,3,-17,1046,77350
CUST100085,M,18.0,Seoul,Vip,11,246700.0,714000.0,2.1,2026-05-27,N,Electronics,2021-11-10,customer85@example.com,1,10,3,5,1664,64909
CUST100041,F,51.0,Seoul,Basic,5,15700.0,17700.0,4.1,2026-05-01,Y,Food,2022-11-19,customer41@example.com,1,50,1,31,1290,3540
CUST101173,M,37.0,Busan,Basic,7,91900.0,403100.0,2.0,2026-01-18,Y,Fashion,2020-11-05,customer1173@example.com,0,30,2,134,2034,57585
CUST100524,M,32.0,Daejeon,Basic,8,114000.0,302600.0,3.6,2026-04-03,N,Electronics,2020-10-11,customer524@example.com,0,30,2,59,2059,37825
CUST101383,F,42.0,Incheon,Silver,6,198700.0,170400.0,4.1,2026-04-01,Y,Electronics,2022-02-08,customer1383@example.com,0,40,1,61,1574,28400
CUST100302,F,55.0,Gwangju,Silver,11,131000.0,572500.0,3.9,2026-06-15,N,Fashion,2022-07-23,customer302@example.com,0,50,3,-14,1409,52045
CUST101381,F,38.0,Busan,Silver,7,144600.0,518900.0,3.4,2026-03-18,N,Fashion,2021-01-13,customer1381@example.com,1,30,2,75,1965,74128
CUST100356,F,48.0,Seoul,Silver,11,101900.0,488000.0,2.9,2026-05-04,N,Beauty,2025-04-06,customer356@example.com,0,40,2,28,421,44363
CUST101181,F,50.0,Gwangju,Basic,9,100600.0,286600.0,3.6,2026-04-10,N,Fashion,2023-02-09,customer1181@example.com,1,50,2,52,1208,31844
CUST100560,M,42.0,Seoul,Basic,8,215800.0,899700.0,2.9,2026-05-30,Y,Beauty,2023-01-10,customer560@example.com,0,40,3,2,1238,112462
CUST100786,M,21.0,Gwangju,Silver,10,82000.0,153300.0,3.0,2026-06-11,N,Fashion,2022-01-26,customer786@example.com,1,20,1,-10,1587,15330
CUST100609,F,45.0,Seoul,Basic,9,39800.0,88200.0,4.5,2026-06-01,N,Fashion,2022-08-25,customer609@example.com,1,40,1,0,1376,9800
CUST100097,M,46.0,Daejeon,Silver,10,79100.0,247600.0,3.9,2026-02-27,N,Fashion,2022-11-06,customer97@example.com,0,40,2,94,1303,24760
CUST101315,M,61.0,Gwangju,Basic,11,86400.0,420000.0,4.5,2026-05-01,Y,Fashion,2024-05-15,customer1315@example.com,0,60,2,31,747,38181
CUST100173,M,44.0,Gyeonggi,Basic,9,89900.0,409000.0,3.7,2026-04-28,Y,Fashion,2021-06-26,customer173@example.com,0,40,2,34,1801,45444
CUST100799,M,31.0,Daejeon,Silver,6,124300.0,422600.0,4.7,2026-06-05,N,Beauty,2023-01-28,customer799@example.com,0,30,2,-4,1220,70433
CUST101402,M,38.0,Daejeon,Gold,6,128400.0,136200.0,2.9,2026-05-01,Y,Beauty,2022-03-20,customer1402@example.com,0,30,1,31,1534,22700
CUST101129,F,27.0,Seoul,Basic,10,49100.0,171300.0,3.0,2026-04-16,N,Fashion,2025-12-22,customer1129@example.com,0,20,1,46,161,17130
CUST100296,F,48.0,Gyeonggi,Silver,5,89100.0,84300.0,3.8,2026-06-14,N,Fashion,2021-07-14,customer296@example.com,0,40,1,-13,1783,16860
CUST100212,F,34.0,Daejeon,Basic,14,117500.0,757800.0,1.9,2026-02-21,Y,Electronics,2022-08-01,customer212@example.com,1,30,3,100,1400,54128
CUST100011,M,35.0,Gwangju,Basic,7,105600.0,219200.0,3.8,2026-05-17,N,Electronics,2022-03-06,customer11@example.com,0,30,2,15,1548,31314
CUST101332,F,50.0,Gyeonggi,Silver,9,105900.0,362300.0,3.9,2026-03-25,Y,Sports,2023-12-04,customer1332@example.com,0,50,2,68,910,40255
CUST100682,F,18.0,Seoul,Silver,15,99900.0,537300.0,3.1,2026-04-05,N,Fashion,2023-10-13,customer682@example.com,0,10,3,57,962,35820
CUST100990,M,30.0,Seoul,Silver,11,182600.0,561700.0,4.3,2026-02-27,Y,Electronics,2025-08-30,customer990@example.com,1,30,3,94,275,51063
CUST100921,M,46.0,Daejeon,Basic,7,101800.0,298800.0,5.0,2026-05-21,N,Home,2022-10-14,customer921@example.com,1,40,2,11,1326,42685
CUST100335,F,44.0,Gyeonggi,Gold,10,234200.0,811500.0,4.6,2025-11-09,Y,Electronics,2021-07-09,customer335@example.com,1,40,3,204,1788,81150
CUST101464,F,24.0,Incheon,Silver,10,134200.0,744700.0,3.5,2026-04-14,N,Fashion,2025-02-21,customer1464@example.com,1,20,3,48,465,74470
CUST100623,M,57.0,Gyeonggi,Gold,3,86300.0,81800.0,4.0,2026-04-15,Y,Fashion,2024-07-20,customer623@example.com,1,50,1,47,681,27266
CUST101327,F,31.0,Daejeon,Silver,9,120300.0,358000.0,2.4,2026-05-16,Y,Beauty,2025-08-19,customer1327@example.com,1,30,2,16,286,39777
CUST101424,F,35.0,Gyeonggi,Gold,7,179700.0,509700.0,4.0,2026-05-11,Y,Sports,2024-10-29,customer1424@example.com,1,30,2,21,580,72814
CUST100491,M,40.0,Seoul,Silver,8,55500.0,186000.0,3.2,2026-05-24,N,Food,2021-10-15,customer491@example.com,0,40,2,8,1690,23250
CUST100568,F,31.0,Daegu,Silver,11,246700.0,734700.0,2.7,2026-03-05,Y,Electronics,2023-11-15,customer568@example.com,0,30,3,88,929,66790
CUST101082,F,41.0,Daejeon,Basic,11,140700.0,415700.0,3.7,2026-04-06,Y,Fashion,2021-07-24,customer1082@example.com,1,40,2,56,1773,37790
CUST100964,F,44.0,Gwangju,Basic,13,147600.0,720100.0,2.2,2026-06-26,N,Electronics,2021-06-11,customer964@example.com,1,40,3,-25,1816,55392
CUST100470,F,49.0,Seoul,Basic,8,94900.0,275000.0,2.9,2026-05-22,N,Electronics,2021-01-12,customer470@example.com,0,40,2,10,1966,34375
CUST101084,F,43.0,Gyeonggi,Gold,8,85700.0,246100.0,3.2,2026-04-18,N,Fashion,2021-06-26,customer1084@example.com,1,40,2,44,1801,30762
CUST100293,M,44.0,Gyeonggi,Basic,10,201600.0,387200.0,4.5,2026-06-24,N,Electronics,2025-05-06,customer293@example.com,0,40,2,-23,391,38720
CUST101334,M,32.0,Busan,Basic,9,117500.0,142300.0,3.7,2026-04-03,Y,Beauty,2024-01-16,customer1334@example.com,1,30,1,59,867,15811
CUST100074,M,54.0,Seoul,Basic,8,112300.0,220000.0,4.1,2026-05-28,Y,Home,2021-02-13,customer74@example.com,1,50,2,4,1934,27500
CUST100784,F,37.0,Seoul,Basic,13,132500.0,583000.0,3.7,2026-05-05,N,Food,2020-07-11,customer784@example.com,1,30,3,27,2151,44846
CUST100005,M,35.0,Gyeonggi,Gold,9,117500.0,697200.0,3.8,2026-05-15,Y,Electronics,2020-10-26,customer5@example.com,1,30,3,17,2044,77466
CUST101446,F,41.0,Daegu,Gold,10,131800.0,363600.0,4.5,2026-03-09,N,Sports,2022-12-07,customer1446@example.com,1,40,2,84,1272,36360
CUST100144,M,50.0,Seoul,Basic,7,67300.0,123400.0,3.5,2026-06-16,N,Fashion,2020-07-16,customer144@example.com,1,50,1,-15,2146,17628
CUST100105,M,51.0,Seoul,Basic,9,150300.0,469800.0,1.4,2026-03-15,Y,Fashion,2020-09-07,customer105@example.com,1,50,2,78,2093,52200
CUST101489,M,35.0,Seoul,Silver,10,94500.0,522200.0,4.0,2026-06-12,Y,Fashion,2025-09-29,customer1489@example.com,1,30,2,-11,245,52220
CUST100170,F,39.0,Incheon,Silver,12,48700.0,388300.0,2.7,2026-03-16,N,Fashion,2023-05-02,customer170@example.com,0,30,2,77,1126,32358
CUST101055,F,50.0,Daegu,Basic,9,85300.0,252800.0,3.5,2026-03-23,Y,Fashion,2025-04-12,customer1055@example.com,1,50,2,70,415,28088
CUST100604,F,35.0,Daegu,Silver,8,159500.0,713700.0,2.4,2026-05-18,N,Beauty,2021-03-08,customer604@example.com,0,30,3,14,1911,89212
CUST100230,M,31.0,Incheon,Basic,9,110700.0,506600.0,3.1,2026-06-27,Y,Beauty,2021-06-10,customer230@example.com,1,30,2,-26,1817,56288
CUST101062,M,36.0,Seoul,Silver,5,168700.0,347400.0,3.0,2026-05-27,Y,Electronics,2024-02-14,customer1062@example.com,0,30,2,5,838,69480
CUST101331,M,33.0,Daegu,Gold,7,195100.0,614500.0,2.4,2026-04-02,Y,Fashion,2025-07-02,customer1331@example.com,0,30,3,60,334,87785
CUST100066,M,22.0,Gwangju,Gold,7,117500.0,391700.0,4.4,2026-05-17,Y,Fashion,2020-08-18,customer66@example.com,1,20,2,15,2113,55957
CUST101134,F,28.0,Gwangju,Gold,4,99200.0,103000.0,3.9,2026-03-17,Y,Food,2025-04-06,customer1134@example.com,0,20,1,76,421,25750
CUST100295,M,37.0,Gyeonggi,Basic,4,33300.0,67900.0,3.6,2026-03-08,Y,Home,2022-05-15,customer295@example.com,1,30,1,85,1478,16975
CUST101312,F,26.0,Seoul,Basic,12,129500.0,595500.0,3.3,2026-06-10,N,Food,2023-07-08,customer1312@example.com,0,20,3,-9,1059,49625
CUST101031,F,47.0,Seoul,Silver,8,143900.0,145500.0,4.8,2026-05-15,Y,Electronics,2024-08-12,customer1031@example.com,1,40,1,17,658,18187
CUST100743,F,30.0,Gyeonggi,Silver,9,80700.0,340500.0,2.8,2026-03-17,Y,Fashion,2021-10-15,customer743@example.com,0,30,2,76,1690,37833
CUST100451,F,42.0,Seoul,Basic,10,119800.0,406300.0,3.7,2026-05-17,Y,Electronics,2020-07-23,customer451@example.com,1,40,2,15,2139,40630
CUST100942,F,43.0,Daejeon,Basic,7,62500.0,229400.0,4.6,2026-05-18,N,Sports,2024-04-25,customer942@example.com,1,40,2,14,767,32771
CUST100579,M,49.0,Seoul,Basic,6,107000.0,100300.0,4.0,2026-04-29,N,Electronics,2022-05-27,customer579@example.com,0,40,1,33,1466,16716
CUST100773,F,25.0,Seoul,Basic,8,109200.0,189800.0,3.4,2026-03-19,N,Fashion,2022-12-05,customer773@example.com,0,20,2,74,1274,23725
CUST100716,M,37.0,Seoul,Gold,9,185600.0,350400.0,3.6,2026-02-14,Y,Home,2024-08-11,customer716@example.com,1,30,2,107,659,38933
CUST101463,M,18.0,Daejeon,Basic,8,59800.0,197800.0,2.5,2026-05-13,Y,Fashion,2024-09-24,customer1463@example.com,0,10,2,19,615,24725
CUST100398,M,44.0,Gyeonggi,Gold,8,192900.0,416300.0,4.2,2026-04-26,Y,Beauty,2025-06-11,customer398@example.com,1,40,2,36,355,52037
CUST100478,F,40.0,Seoul,Basic,10,121900.0,215200.0,3.7,2026-05-24,N,Beauty,2024-01-08,customer478@example.com,0,40,2,8,875,21520
CUST101255,F,39.0,Gyeonggi,Basic,3,63700.0,67100.0,3.9,2026-05-06,Y,Home,2021-09-25,customer1255@example.com,0,30,1,26,1710,22366
CUST100095,M,48.0,Busan,Silver,8,64700.0,214200.0,5.0,2026-03-05,Y,Sports,2025-07-27,customer95@example.com,0,40,2,88,309,26775
CUST100634,F,41.0,Incheon,Vip,2,136000.0,137400.0,5.0,2026-03-27,Y,Home,2021-08-19,customer634@example.com,1,40,1,66,1747,68700
CUST100407,F,48.0,Seoul,Gold,17,143500.0,373200.0,4.0,2025-10-16,N,Electronics,2024-01-10,customer407@example.com,0,40,2,228,873,21952
CUST101249,F,43.0,Gwangju,Silver,7,123400.0,499900.0,4.5,2025-10-20,N,Electronics,2024-10-25,customer1249@example.com,0,40,2,224,584,71414
CUST101455,F,38.0,Seoul,Silver,7,102500.0,93900.0,4.4,2026-05-09,N,Beauty,2022-03-30,customer1455@example.com,1,30,1,23,1524,13414
CUST101371,M,18.0,Seoul,Gold,12,194200.0,541800.0,3.1,2026-05-04,Y,Sports,2025-06-06,customer1371@example.com,1,10,3,28,360,45150
CUST101417,F,32.0,Gyeonggi,Gold,11,191600.0,400000.0,3.6,2026-04-26,N,Electronics,2025-03-03,customer1417@example.com,1,30,2,36,455,36363
CUST101051,F,32.0,Busan,Basic,7,98000.0,186200.0,3.5,2026-05-08,N,Electronics,2022-08-28,customer1051@example.com,0,30,2,24,1373,26600
CUST101005,F,52.0,Seoul,Silver,7,72300.0,149000.0,3.1,2026-05-13,N,Fashion,2022-05-07,customer1005@example.com,0,50,1,19,1486,21285
CUST100298,F,57.0,Gyeonggi,Silver,5,153200.0,308100.0,3.3,2026-05-11,N,Electronics,2023-04-11,customer298@example.com,0,50,2,21,1147,61620
CUST100139,F,50.0,Gwangju,Basic,9,47100.0,216000.0,4.6,2026-03-07,N,Sports,2025-10-02,customer139@example.com,1,50,2,86,242,24000
CUST101076,M,34.0,Seoul,Gold,6,148900.0,256900.0,2.7,2026-04-21,Y,Fashion,2025-01-12,customer1076@example.com,0,30,2,41,505,42816
CUST101003,M,51.0,Gwangju,Basic,12,100900.0,411100.0,3.7,2026-04-28,N,Home,2023-12-31,customer1003@example.com,0,50,2,34,883,34258
CUST100861,M,38.0,Gyeonggi,Basic,12,127900.0,839100.0,4.8,2026-02-25,N,Beauty,2024-05-23,customer861@example.com,0,30,3,96,739,69925
CUST101465,F,38.0,Daejeon,Gold,11,240700.0,637400.0,3.7,2026-05-18,Y,Electronics,2022-12-03,customer1465@example.com,1,30,3,14,1276,57945
CUST101482,M,18.0,Gwangju,Gold,9,150900.0,308900.0,3.6,2026-02-13,Y,Fashion,2023-07-04,customer1482@example.com,1,10,2,108,1063,34322
CUST100181,F,29.0,Gyeonggi,Vip,9,168200.0,192100.0,2.9,2026-04-30,Y,Home,2022-05-08,customer181@example.com,1,20,2,32,1485,21344
CUST100075,M,28.0,Incheon,Basic,11,213000.0,1060200.0,3.5,2026-06-17,N,Electronics,2025-08-19,customer75@example.com,1,20,3,-16,286,96381
CUST100969,M,52.0,Seoul,Basic,7,50700.0,109500.0,3.4,2026-04-30,N,Beauty,2022-07-07,customer969@example.com,1,50,1,32,1425,15642
CUST100545,F,50.0,Gyeonggi,Gold,12,94300.0,324800.0,3.7,2026-04-23,N,Fashion,2024-01-03,customer545@example.com,1,50,2,39,880,27066
CUST101236,M,29.0,Gyeonggi,Basic,7,85600.0,97400.0,3.8,2026-05-02,N,Beauty,2023-06-19,customer1236@example.com,1,20,1,30,1078,13914
CUST100787,F,40.0,Gyeonggi,Basic,15,134100.0,635400.0,3.1,2026-05-31,N,Sports,2024-12-25,customer787@example.com,0,40,3,1,523,42360
CUST100736,M,48.0,Daejeon,Vip,8,200700.0,443800.0,3.0,2026-01-18,Y,Food,2022-05-19,customer736@example.com,0,40,2,134,1474,55475
CUST101183,M,29.0,Seoul,Basic,11,78000.0,259800.0,3.8,2026-04-29,Y,Home,2023-06-01,customer1183@example.com,1,20,2,33,1096,23618
CUST100704,M,42.0,Seoul,Vip,9,217000.0,911500.0,4.5,2026-05-09,N,Beauty,2024-08-21,customer704@example.com,1,40,3,23,649,101277
CUST101180,F,48.0,Seoul,Silver,11,169300.0,633500.0,4.5,2026-03-20,N,Home,2022-02-15,customer1180@example.com,1,40,3,73,1567,57590
CUST101058,M,36.0,Gyeonggi,Basic,8,126000.0,288300.0,4.8,2026-04-30,N,Home,2021-10-11,customer1058@example.com,1,30,2,32,1694,36037
CUST101305,M,40.0,Seoul,Gold,5,123100.0,260100.0,4.8,2026-04-16,Y,Fashion,2025-07-18,customer1305@example.com,0,40,2,46,318,52020
CUST100578,F,50.0,Busan,Basic,10,65600.0,267600.0,4.1,2026-05-03,Y,Beauty,2024-02-28,customer578@example.com,0,50,2,29,824,26760
CUST100317,F,58.0,Seoul,Gold,13,116200.0,233500.0,3.2,2026-04-23,N,Food,2022-05-14,customer317@example.com,0,50,2,39,1479,17961
CUST100035,M,27.0,Seoul,Silver,11,232200.0,593000.0,3.7,2026-04-16,N,Electronics,2024-07-05,customer35@example.com,1,20,3,46,696,53909
CUST101024,F,47.0,Incheon,Basic,11,184700.0,673900.0,3.1,2026-05-25,N,Electronics,2022-10-23,customer1024@example.com,1,40,3,7,1317,61263
CUST101228,M,33.0,Gyeonggi,Gold,12,132700.0,346800.0,3.3,2026-06-01,Y,Sports,2023-12-27,customer1228@example.com,1,30,2,0,887,28900
CUST100366,F,55.0,Daejeon,Vip,15,246700.0,1060200.0,2.9,2026-04-01,N,Beauty,2021-03-23,customer366@example.com,1,50,3,61,1896,70680
CUST100121,F,40.0,Seoul,Basic,9,163200.0,344000.0,3.7,2026-05-20,N,Electronics,2021-07-08,customer121@example.com,0,40,2,12,1789,38222
CUST100052,F,41.0,Seoul,Silver,10,117500.0,253800.0,3.9,2026-01-22,Y,Beauty,2021-09-07,customer52@example.com,0,40,2,130,1728,25380
CUST101243,M,46.0,Gyeonggi,Basic,13,5000.0,28200.0,3.7,2026-06-01,N,Fashion,2024-01-30,customer1243@example.com,0,40,1,0,853,2169
CUST101248,M,48.0,Gyeonggi,Silver,8,46100.0,163100.0,2.8,2026-04-06,Y,Fashion,2023-08-19,customer1248@example.com,0,40,1,56,1017,20387
CUST100606,F,29.0,Gwangju,Basic,13,51100.0,113000.0,2.9,2026-06-08,N,Sports,2021-06-12,customer606@example.com,0,20,1,-7,1815,8692
CUST100779,F,37.0,Daejeon,Basic,15,75800.0,331800.0,3.5,2026-06-26,Y,Beauty,2021-01-29,customer779@example.com,1,30,2,-25,1949,22120
CUST101442,M,41.0,Seoul,Gold,7,189200.0,360100.0,4.6,2026-05-11,Y,Sports,2021-06-04,customer1442@example.com,1,40,2,21,1823,51442
CUST100648,F,34.0,Daegu,Basic,9,87100.0,170600.0,2.8,2026-04-20,N,Electronics,2025-10-28,customer648@example.com,1,30,1,42,216,18955
CUST100523,F,18.0,Gyeonggi,Basic,7,125900.0,423900.0,4.4,2026-04-01,N,Beauty,2024-09-18,customer523@example.com,0,10,2,61,621,60557
CUST101406,F,44.0,Gyeonggi,Basic,9,60500.0,125800.0,4.4,2026-05-27,N,Fashion,2025-02-24,customer1406@example.com,0,40,1,5,462,13977
CUST100370,F,23.0,Busan,Basic,6,151500.0,403300.0,3.8,2026-05-14,N,Electronics,2022-01-21,customer370@example.com,1,20,2,18,1592,67216
CUST100610,F,39.0,Gyeonggi,Basic,8,141100.0,575000.0,3.8,2026-05-11,N,Electronics,2025-12-10,customer610@example.com,1,30,3,21,173,71875
CUST100973,M,46.0,Gyeonggi,Gold,4,117500.0,159300.0,2.6,2026-04-17,N,Beauty,2022-08-27,customer973@example.com,0,40,1,45,1374,39825
CUST101390,F,22.0,Busan,Silver,11,135500.0,481500.0,3.3,2026-05-15,Y,Fashion,2024-03-04,customer1390@example.com,0,20,2,17,819,43772
CUST100761,M,39.0,Daegu,Basic,5,171300.0,328900.0,3.9,2026-03-08,N,Electronics,2022-10-24,customer761@example.com,1,30,2,85,1316,65780
CUST101090,M,47.0,Seoul,Basic,14,211500.0,1060200.0,2.3,2026-03-02,Y,Electronics,2024-06-20,customer1090@example.com,1,40,3,91,711,75728
CUST101291,M,46.0,Gyeonggi,Gold,10,200100.0,551700.0,4.8,2026-03-20,Y,Electronics,2023-09-27,customer1291@example.com,0,40,3,73,978,55170
CUST100730,F,63.0,Incheon,Silver,10,137600.0,499700.0,3.7,2026-01-27,N,Fashion,2021-12-28,customer730@example.com,0,60,2,125,1616,49970
CUST101286,F,18.0,Gwangju,Basic,11,99200.0,281400.0,3.5,2026-05-03,Y,Beauty,2025-06-12,customer1286@example.com,0,10,2,29,354,25581
CUST100462,F,39.0,Seoul,Basic,7,124800.0,255400.0,1.5,2026-04-26,N,Food,2025-11-28,customer462@example.com,0,30,2,36,185,36485
CUST100983,F,49.0,Seoul,Silver,9,181800.0,534600.0,3.9,2026-04-01,N,Electronics,2024-12-09,customer983@example.com,1,40,3,61,539,59400
CUST101299,M,54.0,Gyeonggi,Basic,11,48000.0,326100.0,3.6,2026-03-04,Y,Food,2024-04-15,customer1299@example.com,1,50,2,89,777,29645
CUST101085,M,39.0,Gwangju,Basic,5,110400.0,222500.0,3.2,2026-06-20,N,Food,2024-04-05,customer1085@example.com,0,30,2,-19,787,44500
CUST100867,F,46.0,Incheon,Basic,11,77000.0,270600.0,4.0,2026-04-24,Y,Beauty,2025-05-25,customer867@example.com,0,40,2,38,372,24600
CUST101462,F,49.0,Daegu,Vip,11,233100.0,1060200.0,3.7,2026-05-28,N,Fashion,2021-10-20,customer1462@example.com,1,40,3,4,1685,96381
CUST100297,F,55.0,Daejeon,Silver,16,117500.0,931000.0,3.3,2026-03-17,Y,Food,2024-02-09,customer297@example.com,0,50,3,76,843,58187
CUST100740,M,29.0,Daegu,Vip,4,146000.0,288800.0,4.9,2026-05-23,N,Sports,2023-10-05,customer740@example.com,1,20,2,9,970,72200
CUST101297,F,39.0,Gyeonggi,Basic,11,152100.0,346100.0,4.0,2026-02-18,N,Electronics,2024-04-14,customer1297@example.com,0,30,2,103,778,31463
CUST100401,F,49.0,Incheon,Silver,10,41000.0,178000.0,2.8,2026-05-14,Y,Food,2021-03-14,customer401@example.com,0,40,1,18,1905,17800
CUST100166,M,26.0,Incheon,Vip,11,162300.0,810800.0,3.8,2026-06-03,N,Food,2020-07-18,customer166@example.com,1,20,3,-2,2144,73709
CUST100618,F,29.0,Daejeon,Gold,12,185600.0,820900.0,3.0,2026-05-06,Y,Fashion,2023-04-08,customer618@example.com,1,20,3,26,1150,68408
CUST101174,F,25.0,Gyeonggi,Basic,12,100700.0,344600.0,4.4,2026-04-03,N,Home,2023-04-14,customer1174@example.com,0,20,2,59,1144,28716
CUST100136,F,40.0,Seoul,Gold,9,115800.0,320700.0,3.6,2026-01-06,N,Food,2021-09-26,customer136@example.com,0,40,2,146,1709,35633
CUST100376,F,47.0,Gyeonggi,Basic,12,82300.0,515200.0,3.2,2026-06-03,N,Beauty,2023-10-31,customer376@example.com,0,40,2,-2,944,42933
CUST101338,M,38.0,Gyeonggi,Silver,10,127400.0,336700.0,2.7,2026-05-24,N,Home,2024-03-20,customer1338@example.com,1,30,2,8,803,33670
CUST101429,F,34.0,Gyeonggi,Gold,8,158900.0,289300.0,2.8,2026-05-26,N,Beauty,2022-10-30,customer1429@example.com,0,30,2,6,1310,36162
CUST100744,M,37.0,Seoul,Basic,8,111900.0,222900.0,4.3,2026-05-11,N,Fashion,2025-08-17,customer744@example.com,1,30,2,21,288,27862
CUST100263,F,41.0,Gyeonggi,Basic,8,105600.0,108900.0,2.8,2026-01-02,Y,Sports,2023-03-17,customer263@example.com,0,40,1,150,1172,13612
CUST100755,F,42.0,Seoul,Silver,10,161300.0,368500.0,3.4,2026-05-10,N,Home,2025-03-05,customer755@example.com,0,40,2,22,453,36850
CUST100822,M,42.0,Seoul,Silver,13,239300.0,446200.0,4.6,2026-03-31,N,Food,2021-10-03,customer822@example.com,1,40,2,62,1702,34323
CUST100427,F,69.5,Daegu,Basic,7,20500.0,58100.0,4.0,2026-05-20,Y,Fashion,2024-09-08,customer427@example.com,1,60,1,12,631,8300
CUST101314,M,35.0,Seoul,Silver,14,67900.0,415600.0,4.7,2026-05-13,N,Fashion,2024-10-19,customer1314@example.com,1,30,2,19,590,29685
CUST100923,F,30.0,Seoul,Vip,12,212300.0,698700.0,3.9,2026-05-14,Y,Sports,2020-08-18,customer923@example.com,1,30,3,18,2113,58225
CUST100130,F,42.0,Incheon,Basic,15,126700.0,421700.0,4.2,2026-05-10,N,Sports,2023-09-20,customer130@example.com,1,40,2,22,985,28113
CUST101221,F,31.0,Incheon,Basic,10,79200.0,245200.0,3.2,2026-05-17,Y,Home,2025-05-18,customer1221@example.com,1,30,2,15,379,24520
CUST100093,M,47.0,Gyeonggi,Vip,7,177000.0,469500.0,4.5,2026-03-24,N,Sports,2020-12-15,customer93@example.com,1,40,2,69,1994,67071
CUST100663,F,36.0,Daejeon,Vip,10,246700.0,1060200.0,3.5,2026-05-07,Y,Food,2023-06-18,customer663@example.com,1,30,3,25,1079,106020
CUST100935,F,55.0,Daejeon,Basic,9,72300.0,314400.0,3.8,2026-04-15,N,Home,2024-06-21,customer935@example.com,1,50,2,47,710,34933
CUST101155,M,19.0,Daejeon,Gold,6,126900.0,221100.0,3.7,2026-06-24,N,Food,2023-05-07,customer1155@example.com,1,10,2,-23,1121,36850
CUST101363,F,47.0,Seoul,Basic,6,117500.0,99100.0,5.0,2025-07-21,Y,Food,2021-11-06,customer1363@example.com,0,40,1,315,1668,16516
CUST101253,F,47.0,Gyeonggi,Basic,8,15900.0,57600.0,4.9,2026-05-16,N,Home,2024-01-21,customer1253@example.com,0,40,1,16,862,7200
CUST100303,M,41.0,Seoul,Basic,11,56800.0,224500.0,4.2,2026-04-03,Y,Fashion,2025-07-24,customer303@example.com,1,40,2,59,312,20409
CUST100277,F,18.0,Gwangju,Gold,9,154000.0,275500.0,3.3,2026-01-15,Y,Sports,2021-05-30,customer277@example.com,1,10,2,137,1828,30611
CUST100348,F,49.0,Gyeonggi,Silver,2,55100.0,57500.0,3.2,2026-05-08,Y,Home,2020-08-26,customer348@example.com,0,40,1,24,2105,28750
CUST100013,F,45.0,Incheon,Gold,7,139200.0,130600.0,4.3,2026-05-19,N,Beauty,2022-04-18,customer13@example.com,0,40,1,13,1505,18657
CUST101362,F,41.0,Daegu,Silver,10,104600.0,477900.0,4.4,2026-05-10,Y,Home,2023-02-23,customer1362@example.com,1,40,2,22,1194,47790
CUST100199,F,53.0,Gyeonggi,Basic,9,87400.0,190800.0,3.8,2026-06-22,Y,Home,2021-11-26,customer199@example.com,0,50,2,-21,1648,21200
CUST101335,M,36.0,Daegu,Gold,9,92200.0,199100.0,4.2,2026-06-16,Y,Fashion,2025-01-18,customer1335@example.com,1,30,2,-15,499,22122
CUST101376,F,23.0,Daejeon,Vip,6,246700.0,284500.0,3.2,2026-03-30,N,Fashion,2024-10-12,customer1376@example.com,1,20,2,63,597,47416
CUST100733,F,48.0,Gyeonggi,Basic,10,34800.0,158000.0,3.7,2026-02-24,N,Fashion,2024-07-03,customer733@example.com,0,40,1,97,698,15800
CUST100687,F,31.0,Busan,Basic,7,41100.0,119000.0,4.3,2026-05-17,N,Fashion,2021-12-08,customer687@example.com,0,30,1,15,1636,17000
CUST100267,F,39.0,Busan,Basic,13,145200.0,479200.0,3.7,2026-02-24,Y,Beauty,2025-07-05,customer267@example.com,0,30,2,97,331,36861
CUST100396,F,57.0,Gyeonggi,Silver,10,83800.0,384300.0,4.9,2026-05-27,N,Food,2024-03-06,customer396@example.com,1,50,2,5,817,38430
CUST100871,F,24.0,Gwangju,Basic,10,66700.0,124800.0,2.4,2026-05-08,Y,Sports,2021-04-17,customer871@example.com,0,20,1,24,1871,12480
CUST100242,F,44.0,Gwangju,Basic,9,49600.0,87800.0,3.2,2026-06-09,N,Home,2022-01-03,customer242@example.com,0,40,1,-8,1610,9755
CUST100856,M,31.0,Seoul,Basic,5,42400.0,36100.0,3.8,2026-02-06,N,Home,2024-06-05,customer856@example.com,0,30,1,115,726,7220
CUST100645,F,45.0,Seoul,Silver,10,139200.0,425900.0,3.0,2026-04-21,N,Home,2023-04-10,customer645@example.com,1,40,2,41,1148,42590
CUST100818,M,39.0,Gyeonggi,Silver,7,166500.0,430100.0,2.4,2026-04-04,Y,Electronics,2020-09-08,customer818@example.com,1,30,2,58,2092,61442
CUST101308,M,33.0,Incheon,Basic,9,5000.0,17200.0,4.0,2026-05-31,N,Sports,2022-05-29,customer1308@example.com,0,30,1,1,1464,1911
CUST100217,M,36.0,Seoul,Silver,14,199000.0,1060200.0,3.2,2026-06-28,Y,Fashion,2024-05-05,customer217@example.com,1,30,3,-27,757,75728
CUST100940,F,33.0,Daejeon,Basic,10,81700.0,234800.0,3.0,2026-04-07,N,Fashion,2020-12-02,customer940@example.com,0,30,2,55,2007,23480
CUST100778,M,37.0,Incheon,Basic,10,64800.0,248800.0,2.7,2026-04-15,N,Fashion,2024-11-17,customer778@example.com,0,30,2,47,561,24880
CUST100020,M,53.0,Daegu,Silver,7,219100.0,383600.0,3.9,2026-03-27,N,Electronics,2022-12-04,customer20@example.com,0,50,2,66,1275,54800
CUST101103,M,19.0,Incheon,Silver,13,124400.0,221300.0,4.7,2026-05-07,N,Beauty,2021-09-26,customer1103@example.com,1,10,2,25,1709,17023
CUST100399,F,56.0,Gyeonggi,Basic,8,52500.0,227900.0,4.6,2026-01-17,N,Home,2021-10-12,customer399@example.com,1,50,2,135,1693,28487
CUST100726,F,53.0,Incheon,Basic,11,124700.0,359900.0,4.3,2026-04-11,Y,Beauty,2021-12-13,customer726@example.com,1,50,2,51,1631,32718
CUST101201,F,33.0,Busan,Silver,11,117500.0,716200.0,2.6,2026-06-21,N,Home,2021-09-10,customer1201@example.com,0,30,3,-20,1725,65109
CUST100328,M,39.0,Daegu,Silver,11,49300.0,258300.0,3.2,2026-04-18,Y,Fashion,2024-03-15,customer328@example.com,0,30,2,44,808,23481
CUST101457,F,35.0,Seoul,Silver,9,125400.0,261700.0,3.0,2026-03-25,N,Beauty,2021-01-20,customer1457@example.com,0,30,2,68,1958,29077
CUST100395,M,39.0,Seoul,Silver,10,138900.0,245800.0,5.0,2026-03-09,Y,Fashion,2025-06-02,customer395@example.com,0,30,2,84,364,24580
CUST101013,M,26.0,Gwangju,Basic,11,204700.0,886800.0,3.4,2026-06-08,Y,Electronics,2022-03-29,customer1013@example.com,0,20,3,-7,1525,80618
CUST100872,F,38.0,Busan,Basic,8,105600.0,439100.0,4.7,2026-03-13,Y,Electronics,2020-10-07,customer872@example.com,0,30,2,80,2063,54887
CUST101411,M,46.0,Daegu,Vip,6,192100.0,205800.0,3.1,2026-04-18,Y,Fashion,2025-03-20,customer1411@example.com,1,40,2,44,438,34300
CUST100244,M,32.0,Gyeonggi,Gold,12,209100.0,631900.0,3.7,2026-04-03,Y,Home,2024-11-09,customer244@example.com,1,30,3,59,569,52658
CUST101110,F,40.0,Gyeonggi,Silver,11,130800.0,424800.0,2.4,2026-03-04,Y,Fashion,2022-02-25,customer1110@example.com,0,40,2,89,1557,38618
CUST100531,F,32.0,Seoul,Silver,6,94100.0,179200.0,3.3,2026-04-05,Y,Fashion,2023-02-26,customer531@example.com,0,30,1,57,1191,29866
CUST100308,F,52.0,Busan,Basic,8,123600.0,251100.0,2.0,2026-04-25,Y,Electronics,2023-05-18,customer308@example.com,0,50,2,37,1110,31387
CUST101026,M,35.0,Incheon,Gold,12,213200.0,911600.0,4.7,2026-06-23,N,Food,2025-09-10,customer1026@example.com,1,30,3,-22,264,75966
CUST101235,F,36.0,Incheon,Silver,7,161200.0,555400.0,3.8,2026-04-03,N,Electronics,2025-09-23,customer1235@example.com,1,30,3,59,251,79342
CUST100750,M,28.0,Daejeon,Basic,4,109000.0,109000.0,3.6,2026-06-25,N,Home,2024-01-25,customer750@example.com,1,20,1,-24,858,27250
CUST101036,M,59.0,Seoul,Gold,7,150300.0,446900.0,3.9,2025-11-16,Y,Fashion,2020-11-18,customer1036@example.com,0,50,2,197,2021,63842
CUST101380,F,30.0,Gwangju,Basic,16,123800.0,542400.0,4.2,2026-06-27,N,Fashion,2022-02-15,customer1380@example.com,1,30,3,-26,1567,33900
CUST100498,M,29.0,Gyeonggi,Basic,9,128300.0,273900.0,4.2,2026-03-24,N,Fashion,2024-03-16,customer498@example.com,0,20,2,69,807,30433
CUST100608,M,54.0,Seoul,Basic,8,88300.0,319900.0,3.1,2026-06-08,N,Food,2021-05-02,customer608@example.com,1,50,2,-7,1856,39987
CUST101092,F,35.0,Seoul,Silver,5,108500.0,233000.0,3.5,2026-04-26,N,Home,2025-04-11,customer1092@example.com,1,30,2,36,416,46600
CUST100400,F,35.0,Seoul,Gold,6,53100.0,51500.0,4.6,2026-03-12,N,Fashion,2023-03-25,customer400@example.com,1,30,1,81,1164,8583
CUST100360,M,38.0,Seoul,Basic,12,152800.0,330100.0,3.4,2026-03-10,Y,Sports,2023-05-09,customer360@example.com,0,30,2,83,1119,27508
CUST100793,F,36.0,Daegu,Gold,8,167000.0,434200.0,3.7,2026-03-22,N,Food,2023-10-14,customer793@example.com,1,30,2,71,961,54275
CUST100350,M,52.0,Gwangju,Silver,10,152100.0,752000.0,2.6,2026-04-26,N,Beauty,2021-02-12,customer350@example.com,0,50,3,36,1935,75200
CUST101268,M,40.0,Seoul,Basic,9,44900.0,128200.0,4.3,2026-02-08,N,Fashion,2020-09-08,customer1268@example.com,0,40,1,113,2092,14244
CUST101222,M,39.0,Busan,Silver,12,209500.0,389600.0,3.7,2026-04-25,Y,Electronics,2024-07-26,customer1222@example.com,0,30,2,37,675,32466
CUST100503,M,18.0,Seoul,Basic,5,58600.0,179600.0,4.7,2026-05-15,Y,Home,2024-08-11,customer503@example.com,1,10,1,17,659,35920
CUST100433,F,36.0,Seoul,Basic,12,117500.0,800200.0,4.2,2026-06-11,N,Beauty,2023-07-21,customer433@example.com,0,30,3,-10,1046,66683
CUST101175,F,25.0,Seoul,Gold,6,153300.0,347100.0,3.3,2026-05-23,N,Food,2024-11-14,customer1175@example.com,1,20,2,9,564,57850
CUST101461,M,53.0,Daegu,Basic,6,65000.0,221600.0,4.5,2026-06-03,N,Home,2024-01-23,customer1461@example.com,0,50,2,-2,860,36933
CUST101374,M,35.0,Daejeon,Basic,7,90300.0,250300.0,3.9,2026-04-14,N,Food,2023-04-22,customer1374@example.com,1,30,2,48,1136,35757
CUST101326,M,34.0,Seoul,Silver,4,48900.0,100600.0,5.0,2026-04-05,N,Fashion,2022-03-18,customer1326@example.com,1,30,1,57,1536,25150
CUST101356,M,38.0,Gyeonggi,Basic,3,55100.0,49400.0,4.1,2026-06-12,Y,Fashion,2020-12-02,customer1356@example.com,1,30,1,-11,2007,16466
CUST101083,F,38.0,Daejeon,Gold,3,98700.0,107200.0,3.4,2026-05-25,Y,Food,2021-06-20,customer1083@example.com,0,30,1,7,1807,35733
CUST100941,M,22.0,Busan,Silver,8,95500.0,181900.0,2.8,2026-04-08,Y,Home,2021-05-12,customer941@example.com,0,20,1,54,1846,22737
CUST101318,M,47.0,Seoul,Basic,17,226600.0,784700.0,4.9,2026-05-26,N,Electronics,2021-05-12,customer1318@example.com,1,40,3,6,1846,46158
CUST101320,F,39.0,Gyeonggi,Gold,6,145200.0,456800.0,3.0,2026-03-10,N,Fashion,2021-03-19,customer1320@example.com,0,30,2,83,1900,76133
CUST100449,F,60.0,Gyeonggi,Vip,11,174000.0,338600.0,3.5,2026-03-22,Y,Fashion,2025-12-27,customer449@example.com,1,60,2,71,156,30781
CUST100814,M,29.0,Seoul,Basic,8,106000.0,370200.0,2.7,2026-06-06,N,Home,2024-07-27,customer814@example.com,0,20,2,-5,674,46275
CUST101420,F,33.0,Gyeonggi,Silver,6,166700.0,315500.0,2.8,2026-05-22,N,Beauty,2023-05-10,customer1420@example.com,0,30,2,10,1118,52583
CUST100428,F,58.0,Daegu,Silver,11,152400.0,683200.0,3.5,2026-02-03,Y,Electronics,2023-11-06,customer428@example.com,1,50,3,118,938,62109
CUST100192,M,25.0,Incheon,Silver,6,128200.0,267800.0,2.1,2026-05-07,N,Food,2023-04-09,customer192@example.com,0,20,2,25,1149,44633
CUST101472,F,29.0,Seoul,Basic,9,164900.0,565300.0,2.8,2026-04-16,N,Electronics,2024-06-06,customer1472@example.com,1,20,3,46,725,62811
CUST100534,F,18.0,Seoul,Silver,9,34800.0,114200.0,4.4,2026-05-19,N,Home,2025-09-11,customer534@example.com,1,10,1,13,263,12688
CUST100415,F,43.0,Seoul,Gold,11,129600.0,628400.0,2.9,2026-03-29,N,Beauty,2024-09-15,customer415@example.com,0,40,3,64,624,57127
CUST101500,M,31.0,Seoul,Gold,11,146800.0,845600.0,4.0,2026-05-11,Y,Fashion,2025-04-30,customer1500@example.com,1,30,3,21,397,76872
CUST100931,F,18.0,Daejeon,Basic,11,110000.0,479300.0,4.1,2026-05-29,Y,Beauty,2023-06-30,customer931@example.com,1,10,2,3,1067,43572
CUST101068,F,31.0,Seoul,Silver,8,120800.0,136000.0,4.2,2026-04-26,N,Food,2020-10-17,customer1068@example.com,0,30,1,36,2053,17000
CUST100947,M,46.0,Seoul,Basic,11,90500.0,392000.0,1.8,2026-04-07,N,Beauty,2023-04-27,customer947@example.com,0,40,2,55,1131,35636
CUST100059,M,38.0,Gwangju,Silver,8,168700.0,629300.0,3.2,2026-01-22,N,Beauty,2022-02-10,customer59@example.com,0,30,3,130,1572,78662
CUST101105,F,47.0,Daegu,Silver,6,191300.0,195500.0,3.1,2026-04-06,N,Fashion,2025-01-01,customer1105@example.com,0,40,2,56,516,32583
CUST101269,F,39.0,Busan,Basic,9,110500.0,337400.0,4.6,2026-01-22,N,Fashion,2021-05-31,customer1269@example.com,0,30,2,130,1827,37488
CUST101470,F,52.0,Seoul,Basic,11,75100.0,503600.0,4.1,2026-06-09,Y,Sports,2021-04-20,customer1470@example.com,0,50,2,-8,1868,45781
CUST100479,M,53.0,Seoul,Basic,10,76200.0,323500.0,5.0,2026-03-27,Y,Beauty,2025-09-18,customer479@example.com,1,50,2,66,256,32350
CUST100858,M,21.0,Seoul,Basic,3,99600.0,107400.0,3.3,2026-03-18,Y,Beauty,2024-11-04,customer858@example.com,0,20,1,75,574,35800
CUST100373,M,39.0,Daejeon,Basic,5,67900.0,137600.0,3.0,2026-06-18,Y,Food,2022-10-15,customer373@example.com,0,30,1,-17,1325,27520
CUST100654,F,55.0,Daejeon,Basic,8,50600.0,147700.0,3.5,2026-06-18,N,Food,2022-07-16,customer654@example.com,0,50,1,-17,1416,18462
CUST100006,F,41.0,Gyeonggi,Basic,11,55600.0,118600.0,2.7,2026-04-09,N,Food,2023-08-19,customer6@example.com,0,40,1,53,1017,10781
CUST101154,F,19.0,Gwangju,Gold,5,112000.0,225500.0,3.0,2026-05-18,Y,Fashion,2023-05-24,customer1154@example.com,1,10,2,14,1104,45100
CUST100409,M,42.0,Busan,Vip,15,227000.0,1060200.0,2.3,2026-05-15,N,Food,2022-01-04,customer409@example.com,1,40,3,17,1609,70680
CUST101479,F,36.0,Daejeon,Silver,15,139400.0,623600.0,2.8,2026-04-17,N,Food,2024-01-08,customer1479@example.com,0,30,3,45,875,41573
CUST100997,F,37.0,Daegu,Basic,9,147900.0,502200.0,3.9,2026-05-24,Y,Electronics,2022-01-05,customer997@example.com,1,30,2,8,1608,55800
CUST101273,F,31.0,Busan,Gold,7,110800.0,297800.0,4.2,2026-06-10,N,Food,2023-10-10,customer1273@example.com,1,30,2,-9,965,42542
CUST101034,M,39.0,Daejeon,Vip,5,199100.0,195900.0,2.2,2026-06-06,Y,Electronics,2025-04-05,customer1034@example.com,1,30,2,-5,422,39180
CUST100688,M,33.0,Daejeon,Silver,10,190700.0,691100.0,3.2,2026-04-16,Y,Electronics,2023-11-09,customer688@example.com,1,30,3,46,935,69110
CUST100369,F,28.0,Gyeonggi,Vip,8,211500.0,431500.0,4.8,2026-06-18,N,Home,2023-07-19,customer369@example.com,1,20,2,-17,1048,53937
CUST100813,F,26.0,Busan,Silver,16,91600.0,267000.0,4.6,2026-05-27,Y,Sports,2021-11-23,customer813@example.com,0,20,2,5,1651,16687
CUST100952,F,18.0,Seoul,Basic,8,83100.0,322700.0,2.6,2026-04-02,Y,Sports,2025-05-19,customer952@example.com,1,10,2,60,378,40337
CUST101369,M,47.0,Seoul,Basic,10,144500.0,264200.0,3.3,2026-05-26,Y,Electronics,2025-09-08,customer1369@example.com,0,40,2,6,266,26420
CUST100751,M,25.0,Gyeonggi,Basic,12,117500.0,310300.0,3.6,2026-01-05,N,Fashion,2020-12-27,customer751@example.com,1,20,2,147,1982,25858
CUST100960,M,41.0,Seoul,Vip,10,233800.0,970200.0,3.3,2026-02-19,N,Fashion,2020-11-12,customer960@example.com,1,40,3,102,2027,97020
CUST100241,F,45.0,Gwangju,Basic,6,43500.0,124700.0,3.8,2026-04-26,N,Fashion,2023-10-23,customer241@example.com,0,40,1,36,952,20783
CUST100805,M,60.0,Gwangju,Gold,9,218800.0,427600.0,3.1,2026-06-22,N,Electronics,2025-01-03,customer805@example.com,0,60,2,-21,514,47511
CUST100709,F,27.0,Daegu,Gold,11,139700.0,638100.0,4.7,2026-04-20,N,Fashion,2022-03-01,customer709@example.com,1,20,3,42,1553,58009
CUST101109,F,53.0,Daejeon,Basic,11,62200.0,332800.0,2.0,2026-03-20,N,Home,2022-01-10,customer1109@example.com,0,50,2,73,1603,30254
CUST100835,F,37.0,Seoul,Basic,13,62200.0,362000.0,3.9,2026-06-20,N,Fashion,2020-07-31,customer835@example.com,1,30,2,-19,2131,27846
CUST100111,F,30.0,Seoul,Gold,6,156000.0,527400.0,3.3,2026-02-19,N,Fashion,2023-02-15,customer111@example.com,0,30,2,102,1202,87900
CUST100329,F,47.0,Seoul,Vip,7,199900.0,812900.0,2.7,2026-06-02,N,Sports,2025-05-06,customer329@example.com,1,40,3,-1,391,116128
CUST101361,M,41.0,Busan,Silver,8,66000.0,265800.0,3.7,2026-03-08,N,Fashion,2024-04-10,customer1361@example.com,1,40,2,85,782,33225
CUST100420,F,44.0,Gwangju,Basic,9,119000.0,452100.0,4.4,2026-05-30,N,Fashion,2025-06-03,customer420@example.com,1,40,2,2,363,50233
CUST100859,F,18.0,Seoul,Gold,7,173200.0,302100.0,4.9,2026-04-24,Y,Home,2022-05-12,customer859@example.com,0,10,2,38,1481,43157
CUST100521,F,29.0,Gyeonggi,Basic,17,119600.0,323400.0,4.5,2026-03-10,N,Beauty,2025-06-09,customer521@example.com,1,20,2,83,357,19023
CUST101239,M,42.0,Gyeonggi,Basic,8,100400.0,373700.0,3.3,2026-04-14,Y,Food,2023-12-06,customer1239@example.com,0,40,2,48,908,46712
CUST101102,M,34.0,Gyeonggi,Gold,6,148700.0,509500.0,4.7,2026-03-13,Y,Beauty,2020-08-12,customer1102@example.com,1,30,2,80,2119,84916
CUST101346,F,39.0,Busan,Silver,6,169400.0,187200.0,3.6,2026-05-16,Y,Electronics,2024-11-08,customer1346@example.com,0,30,2,16,570,31200
CUST100124,F,38.0,Gyeonggi,Basic,8,149400.0,456100.0,2.9,2026-05-08,Y,Electronics,2020-12-27,customer124@example.com,0,30,2,24,1982,57012
CUST100436,M,53.0,Seoul,Basic,15,70800.0,519700.0,4.8,2026-04-07,N,Beauty,2020-09-01,customer436@example.com,1,50,2,55,2099,34646
CUST101194,F,46.0,Daejeon,Basic,7,45800.0,154200.0,3.3,2026-06-02,N,Fashion,2022-12-29,customer1194@example.com,0,40,1,-1,1250,22028
CUST100215,M,26.0,Seoul,Gold,6,131600.0,132700.0,3.9,2026-04-21,Y,Fashion,2021-12-27,customer215@example.com,1,20,1,41,1617,22116
CUST100094,F,47.0,Gwangju,Basic,7,7900.0,7200.0,5.0,2026-03-27,N,Fashion,2023-07-31,customer94@example.com,0,40,1,66,1036,1028
CUST100160,F,26.0,Seoul,Gold,9,94000.0,90600.0,3.3,2026-06-05,N,Fashion,2020-08-12,customer160@example.com,0,20,1,-4,2119,10066
CUST101419,M,54.0,Daegu,Gold,5,140200.0,357800.0,4.1,2026-06-11,Y,Sports,2021-10-29,customer1419@example.com,1,50,2,-10,1676,71560
CUST100508,F,35.0,Incheon,Gold,11,110700.0,578300.0,3.3,2025-10-17,N,Food,2024-07-01,customer508@example.com,1,30,3,227,700,52572
CUST100963,M,50.0,Incheon,Basic,8,81000.0,274200.0,2.5,2026-06-05,N,Food,2022-12-21,customer963@example.com,0,50,2,-4,1258,34275
CUST100878,M,54.0,Daegu,Vip,8,216200.0,849000.0,4.6,2026-05-26,Y,Home,2024-04-14,customer878@example.com,1,50,3,6,778,106125
CUST100238,M,50.0,Gyeonggi,Silver,10,92600.0,248700.0,4.4,2026-04-04,N,Food,2021-03-26,customer238@example.com,1,50,2,58,1893,24870
CUST101475,M,57.0,Gyeonggi,Silver,11,172000.0,715600.0,4.2,2026-05-18,Y,Electronics,2021-09-01,customer1475@example.com,1,50,3,14,1734,65054
CUST100864,M,40.0,Busan,Basic,8,117500.0,582300.0,4.6,2026-06-10,N,Fashion,2023-08-08,customer864@example.com,1,40,3,-9,1028,72787
CUST101033,F,32.0,Gyeonggi,Basic,8,46800.0,98100.0,3.6,2026-01-15,Y,Beauty,2024-06-06,customer1033@example.com,0,30,1,137,725,12262
CUST100676,M,40.0,Gyeonggi,Basic,4,16400.0,14400.0,2.5,2026-04-13,Y,Home,2024-05-12,customer676@example.com,0,40,1,49,750,3600
CUST101375,M,42.0,Gwangju,Gold,6,113000.0,111700.0,4.6,2026-01-17,N,Home,2024-03-27,customer1375@example.com,0,40,1,135,796,18616
CUST101137,F,60.0,Seoul,Vip,4,162600.0,358000.0,3.1,2026-04-22,N,Home,2021-05-08,customer1137@example.com,1,60,2,40,1850,89500
CUST100932,F,61.0,Gwangju,Silver,10,201500.0,641700.0,2.6,2026-06-23,N,Sports,2023-10-18,customer932@example.com,0,60,3,-22,957,64170
CUST100916,F,43.0,Seoul,Basic,9,84400.0,304300.0,3.8,2026-06-03,N,Fashion,2022-08-24,customer916@example.com,1,40,2,-2,1377,33811
CUST100544,M,48.0,Busan,Basic,11,91900.0,250300.0,3.0,2026-04-14,N,Fashion,2024-01-11,customer544@example.com,0,40,2,48,872,22754
CUST100125,F,52.0,Seoul,Silver,13,124500.0,554700.0,3.5,2026-04-20,N,Fashion,2021-11-10,customer125@example.com,0,50,3,42,1664,42669
CUST101126,M,37.0,Busan,Basic,15,85700.0,480000.0,3.9,2026-05-07,N,Fashion,2023-01-04,customer1126@example.com,1,30,2,25,1244,32000
CUST100511,F,33.0,Seoul,Gold,7,194400.0,616200.0,4.5,2026-03-16,N,Electronics,2023-04-29,customer511@example.com,0,30,3,77,1129,88028
CUST101398,F,58.0,Gwangju,Gold,10,117500.0,758000.0,4.3,2026-04-11,N,Beauty,2025-10-26,customer1398@example.com,1,50,3,51,218,75800
CUST101401,M,19.0,Gyeonggi,Silver,6,116900.0,252000.0,3.4,2026-05-31,Y,Home,2022-12-02,customer1401@example.com,0,10,2,1,1277,42000
CUST101075,F,27.0,Incheon,Silver,8,179100.0,305500.0,3.8,2026-03-30,N,Food,2024-06-01,customer1075@example.com,1,20,2,63,730,38187
CUST100025,M,39.0,Busan,Basic,7,112200.0,97600.0,3.6,2026-01-24,Y,Sports,2025-06-13,customer25@example.com,1,30,1,128,353,13942
CUST101412,M,52.0,Daejeon,Basic,5,188000.0,210300.0,3.9,2026-05-24,Y,Electronics,2024-12-28,customer1412@example.com,1,50,2,8,520,42060
CUST101485,M,48.0,Gwangju,Basic,6,123200.0,128500.0,4.8,2026-06-16,N,Electronics,2024-06-21,customer1485@example.com,0,40,1,-15,710,21416
CUST100542,M,43.0,Seoul,Basic,12,217400.0,417600.0,3.3,2026-03-15,N,Electronics,2022-01-13,customer542@example.com,1,40,2,78,1600,34800
CUST100324,F,41.0,Incheon,Basic,8,40500.0,43500.0,3.7,2026-05-13,N,Home,2020-10-29,customer324@example.com,0,40,1,19,2041,5437
CUST100182,M,31.0,Busan,Silver,12,113200.0,331700.0,2.6,2026-04-11,N,Fashion,2023-08-11,customer182@example.com,0,30,2,51,1025,27641
CUST100488,F,45.0,Seoul,Vip,10,246700.0,1060200.0,3.0,2026-03-20,N,Fashion,2025-10-10,customer488@example.com,1,40,3,73,234,106020
CUST100892,M,30.0,Gwangju,Basic,8,57700.0,196800.0,2.6,2026-04-14,N,Fashion,2022-09-10,customer892@example.com,1,30,2,48,1360,24600
CUST101069,M,40.0,Gyeonggi,Gold,8,117500.0,84600.0,5.0,2026-05-23,N,Food,2021-03-15,customer1069@example.com,1,40,1,9,1904,10575
CUST100866,F,54.0,Gyeonggi,Silver,9,144500.0,259400.0,3.1,2026-03-16,N,Electronics,2020-08-29,customer866@example.com,0,50,2,77,2102,28822
CUST101395,F,36.0,Gyeonggi,Basic,8,37800.0,36100.0,3.2,2026-06-16,N,Sports,2023-04-25,customer1395@example.com,0,30,1,-15,1133,4512
CUST100388,M,18.0,Seoul,Vip,11,205300.0,842100.0,3.5,2025-12-15,N,Sports,2021-07-11,customer388@example.com,1,10,3,168,1786,76554
CUST100764,F,29.0,Gyeonggi,Basic,5,48000.0,87800.0,4.5,2026-05-24,Y,Beauty,2025-06-17,customer764@example.com,0,20,1,8,349,17560
CUST100475,F,33.0,Seoul,Basic,10,104700.0,426900.0,4.2,2026-04-16,Y,Home,2023-08-11,customer475@example.com,1,30,2,46,1025,42690
CUST100485,F,29.0,Incheon,Basic,7,133600.0,256800.0,2.9,2026-01-11,N,Home,2022-12-25,customer485@example.com,0,20,2,141,1254,36685
CUST100644,F,40.0,Seoul,Silver,11,64900.0,296100.0,4.9,2026-06-08,Y,Fashion,2025-04-30,customer644@example.com,1,40,2,-7,397,26918
CUST100464,M,36.0,Seoul,Basic,10,112300.0,427200.0,4.0,2026-05-11,Y,Sports,2025-03-08,customer464@example.com,0,30,2,21,450,42720
CUST100437,F,38.0,Busan,Basic,15,105700.0,796900.0,2.3,2026-01-16,Y,Beauty,2025-11-29,customer437@example.com,0,30,3,136,184,53126
CUST100759,M,31.0,Daegu,Basic,5,79100.0,254400.0,3.0,2026-02-07,N,Food,2020-12-18,customer759@example.com,1,30,2,114,1991,50880
CUST100406,F,39.0,Daejeon,Basic,9,117100.0,401900.0,3.2,2026-05-20,Y,Food,2024-03-15,customer406@example.com,1,30,2,12,808,44655
CUST100627,M,39.0,Daegu,Gold,15,147700.0,1056100.0,4.8,2025-12-08,Y,Fashion,2024-09-22,customer627@example.com,1,30,3,175,617,70406
CUST100274,F,25.0,Gwangju,Gold,12,133400.0,694000.0,2.6,2026-04-01,Y,Home,2025-12-19,customer274@example.com,1,20,3,61,164,57833
CUST100364,F,32.0,Seoul,Vip,6,131000.0,408100.0,3.9,2026-05-01,N,Food,2022-06-22,customer364@example.com,1,30,2,31,1440,68016
CUST100875,F,33.0,Gyeonggi,Silver,9,152900.0,739500.0,4.2,2026-04-03,Y,Home,2025-12-15,customer875@example.com,0,30,3,59,168,82166
CUST100774,F,31.0,Incheon,Basic,8,144100.0,588600.0,3.6,2026-04-18,Y,Sports,2024-04-19,customer774@example.com,0,30,3,44,773,73575
CUST100666,M,46.0,Seoul,Silver,11,143300.0,419900.0,4.2,2026-02-17,Y,Sports,2021-09-30,customer666@example.com,1,40,2,104,1705,38172
CUST101295,M,44.0,Daegu,Basic,10,103800.0,233300.0,4.0,2026-06-07,N,Fashion,2022-11-13,customer1295@example.com,1,40,2,-6,1296,23330
CUST101414,M,34.0,Gyeonggi,Gold,9,104300.0,238200.0,2.6,2026-02-09,Y,Fashion,2023-11-22,customer1414@example.com,0,30,2,112,922,26466
CUST100018,F,24.0,Seoul,Vip,7,117500.0,650900.0,2.2,2026-06-04,N,Fashion,2025-01-13,customer18@example.com,1,20,3,-3,504,92985
CUST101439,M,20.0,Seoul,Gold,10,97800.0,331000.0,3.1,2026-05-26,N,Fashion,2022-04-22,customer1439@example.com,0,20,2,6,1501,33100
CUST100581,F,23.0,Gyeonggi,Basic,11,126200.0,695100.0,3.8,2026-02-22,Y,Food,2024-12-01,customer581@example.com,0,20,3,99,547,63190
CUST100643,F,34.0,Gyeonggi,Silver,8,67000.0,128900.0,3.7,2026-06-02,N,Home,2022-10-17,customer643@example.com,1,30,1,-1,1323,16112
CUST100354,F,42.0,Gwangju,Basic,5,109100.0,187200.0,3.4,2026-06-09,Y,Electronics,2021-05-18,customer354@example.com,1,40,2,-8,1840,37440
CUST101272,F,51.0,Seoul,Basic,10,106700.0,182500.0,2.8,2026-05-28,Y,Fashion,2025-11-07,customer1272@example.com,1,50,1,4,206,18250
CUST101046,M,34.0,Incheon,Basic,10,57000.0,326900.0,3.1,2026-06-04,N,Food,2024-08-23,customer1046@example.com,1,30,2,-3,647,32690
CUST101004,F,23.0,Incheon,Silver,7,91600.0,240200.0,4.8,2025-08-31,Y,Fashion,2024-01-08,customer1004@example.com,0,20,2,274,875,34314
CUST101280,M,28.0,Gyeonggi,Gold,10,148300.0,291200.0,3.4,2026-04-28,N,Home,2021-02-28,customer1280@example.com,1,20,2,34,1919,29120
CUST100980,F,69.0,Seoul,Silver,8,146700.0,420800.0,2.3,2025-12-07,N,Sports,2025-01-30,customer980@example.com,0,60,2,176,487,52600
CUST100824,F,24.0,Busan,Basic,5,85100.0,163700.0,4.5,2026-03-24,Y,Food,2020-08-12,customer824@example.com,1,20,1,69,2119,32740
CUST100101,M,23.0,Daegu,Basic,4,75500.0,68100.0,2.9,2026-05-14,Y,Beauty,2024-12-24,customer101@example.com,0,20,1,18,524,17025
CUST100224,F,35.0,Incheon,Basic,8,117500.0,142800.0,3.5,2026-02-04,N,Food,2022-06-03,customer224@example.com,0,30,1,117,1459,17850
CUST100424,F,26.0,Gwangju,Silver,11,154700.0,959500.0,3.7,2026-03-22,Y,Sports,2021-11-13,customer424@example.com,0,20,3,71,1661,87227
CUST100342,F,35.0,Gyeonggi,Gold,9,146800.0,432400.0,3.7,2026-04-02,Y,Fashion,2024-11-06,customer342@example.com,1,30,2,60,572,48044
CUST101321,F,25.0,Daejeon,Silver,8,125900.0,518500.0,2.3,2026-02-03,Y,Electronics,2023-04-30,customer1321@example.com,0,20,2,118,1128,64812
CUST100378,M,34.0,Incheon,Silver,5,68000.0,126200.0,3.6,2026-05-26,N,Food,2023-04-27,customer378@example.com,0,30,1,6,1131,25240
CUST100363,F,36.0,Gyeonggi,Silver,13,109400.0,553400.0,3.1,2026-05-09,N,Beauty,2022-04-23,customer363@example.com,0,30,3,23,1500,42569
CUST100976,M,33.0,Busan,Basic,11,159300.0,908200.0,3.2,2026-02-12,N,Sports,2025-05-11,customer976@example.com,0,30,3,109,386,82563
CUST100445,M,32.0,Busan,Silver,10,134800.0,649900.0,3.5,2026-04-19,N,Fashion,2021-09-30,customer445@example.com,1,30,3,43,1705,64990
CUST100825,F,37.0,Gyeonggi,Basic,12,49400.0,208800.0,3.5,2026-03-27,N,Beauty,2022-06-14,customer825@example.com,0,30,2,66,1448,17400
CUST101121,M,28.0,Seoul,Silver,8,62400.0,223700.0,4.0,2026-03-17,Y,Beauty,2025-03-27,customer1121@example.com,0,20,2,76,431,27962
CUST100383,M,29.0,Seoul,Basic,6,51600.0,171900.0,4.1,2026-06-11,Y,Fashion,2025-10-21,customer383@example.com,0,20,1,-10,223,28650
CUST100414,F,21.0,Daejeon,Basic,6,76200.0,71300.0,3.1,2026-05-05,Y,Sports,2026-01-02,customer414@example.com,0,20,1,27,150,11883
CUST100359,F,45.0,Gyeonggi,Silver,11,127300.0,230100.0,2.8,2026-05-28,N,Fashion,2021-05-23,customer359@example.com,1,40,2,4,1835,20918
CUST101086,M,66.0,Daegu,Basic,8,56400.0,158600.0,3.7,2026-05-06,N,Fashion,2023-12-24,customer1086@example.com,0,60,1,26,890,19825
CUST100881,F,57.0,Busan,Silver,16,115600.0,886300.0,2.8,2026-06-02,N,Food,2025-10-21,customer881@example.com,1,50,3,-1,223,55393
CUST101115,M,44.0,Daegu,Basic,10,131900.0,722700.0,4.0,2026-06-28,Y,Beauty,2025-01-04,customer1115@example.com,1,40,3,-27,513,72270
CUST100402,F,34.0,Busan,Silver,13,144700.0,889800.0,3.2,2026-02-01,Y,Home,2024-05-10,customer402@example.com,1,30,3,120,752,68446
CUST101300,M,28.0,Gyeonggi,Gold,7,56000.0,176600.0,4.3,2026-01-04,N,Sports,2022-07-21,customer1300@example.com,0,20,1,148,1411,25228
CUST101037,F,39.0,Seoul,Gold,10,194900.0,386900.0,4.5,2026-04-16,Y,Electronics,2025-01-31,customer1037@example.com,1,30,2,46,486,38690
CUST100316,M,25.0,Gwangju,Silver,8,135600.0,549700.0,2.8,2026-01-16,N,Beauty,2021-05-25,customer316@example.com,0,20,3,136,1833,68712
CUST100525,F,24.0,Gyeonggi,Gold,10,81800.0,336600.0,2.4,2026-06-23,N,Food,2020-10-29,customer525@example.com,1,20,2,-22,2041,33660
CUST101176,M,29.0,Daejeon,Basic,9,137000.0,397200.0,3.6,2026-02-07,Y,Beauty,2024-04-15,customer1176@example.com,0,20,2,114,777,44133
CUST100083,F,41.0,Seoul,Gold,15,206600.0,1060200.0,3.2,2026-06-06,Y,Electronics,2025-08-02,customer83@example.com,1,40,3,-5,303,70680
CUST100913,M,20.0,Incheon,Vip,10,200300.0,921200.0,4.4,2026-02-21,Y,Fashion,2023-08-04,customer913@example.com,1,20,3,100,1032,92120
CUST101240,F,34.0,Incheon,Basic,9,146400.0,741800.0,3.6,2026-06-01,Y,Electronics,2025-01-29,customer1240@example.com,1,30,3,0,488,82422
CUST101302,M,49.0,Gyeonggi,Gold,9,145000.0,622000.0,3.8,2026-05-28,N,Fashion,2025-02-24,customer1302@example.com,0,40,3,4,462,69111
CUST100685,M,53.0,Incheon,Basic,10,92100.0,407000.0,3.9,2026-03-06,Y,Fashion,2024-02-09,customer685@example.com,1,50,2,87,843,40700
CUST101317,F,37.0,Busan,Basic,3,83200.0,85100.0,4.1,2026-04-23,N,Sports,2023-01-01,customer1317@example.com,0,30,1,39,1247,28366
CUST100143,F,43.0,Gwangju,Gold,5,164300.0,298200.0,3.2,2026-05-18,Y,Sports,2022-12-13,customer143@example.com,1,40,2,14,1266,59640
CUST100863,F,30.0,Gyeonggi,Silver,7,163200.0,713000.0,4.6,2026-01-21,N,Fashion,2021-05-02,customer863@example.com,0,30,3,131,1856,101857
CUST100711,F,36.0,Busan,Basic,3,35700.0,34600.0,3.9,2026-05-01,Y,Fashion,2022-11-23,customer711@example.com,0,30,1,31,1286,11533
CUST100265,M,31.0,Incheon,Basic,11,29500.0,60900.0,3.7,2026-04-01,Y,Home,2021-09-22,customer265@example.com,0,30,1,61,1713,5536
CUST100928,F,47.0,Gyeonggi,Gold,11,157600.0,735500.0,4.2,2026-02-13,Y,Food,2024-04-05,customer928@example.com,0,40,3,108,787,66863
CUST100448,M,43.0,Seoul,Basic,5,117500.0,237600.0,3.9,2026-05-30,N,Electronics,2024-05-16,customer448@example.com,0,40,2,2,746,47520
CUST100239,M,30.0,Seoul,Basic,10,69500.0,315600.0,4.2,2026-05-23,Y,Food,2023-08-11,customer239@example.com,1,30,2,9,1025,31560
CUST101353,M,47.0,Daegu,Basic,13,149700.0,488400.0,4.2,2026-04-09,Y,Electronics,2020-10-16,customer1353@example.com,1,40,2,53,2054,37569
CUST100798,M,35.0,Daejeon,Basic,12,138800.0,772100.0,2.7,2026-01-15,Y,Sports,2023-08-09,customer798@example.com,0,30,3,137,1027,64341
CUST101405,F,45.0,Seoul,Silver,11,185400.0,519000.0,3.2,2026-05-25,Y,Electronics,2022-05-21,customer1405@example.com,1,40,2,7,1472,47181
CUST101018,M,32.0,Daegu,Gold,9,152400.0,674000.0,5.0,2026-06-04,N,Fashion,2023-12-16,customer1018@example.com,1,30,3,-3,898,74888
CUST100918,F,51.0,Gyeonggi,Basic,6,110300.0,193300.0,4.5,2026-04-01,Y,Electronics,2023-07-19,customer918@example.com,0,50,2,61,1048,32216
CUST100967,M,27.0,Daegu,Gold,8,166400.0,542600.0,2.9,2026-03-13,N,Fashion,2020-08-06,customer967@example.com,1,20,3,80,2125,67825
CUST101241,M,37.0,Gyeonggi,Silver,12,152400.0,294800.0,3.7,2025-12-14,N,Fashion,2020-09-06,customer1241@example.com,0,30,2,169,2094,24566
CUST101158,F,37.0,Gyeonggi,Silver,6,85000.0,247700.0,1.8,2026-04-26,Y,Food,2023-04-11,customer1158@example.com,0,30,2,36,1147,41283
CUST100344,F,28.0,Gyeonggi,Gold,13,176400.0,889400.0,4.2,2026-04-06,N,Beauty,2023-04-07,customer344@example.com,1,20,3,56,1151,68415
CUST101186,F,18.0,Busan,Basic,9,74800.0,336600.0,4.1,2026-05-31,Y,Food,2023-12-27,customer1186@example.com,1,10,2,1,887,37400
CUST101456,M,39.0,Daejeon,Basic,9,51500.0,101400.0,3.7,2026-05-29,N,Fashion,2024-12-01,customer1456@example.com,0,30,1,3,547,11266
CUST100731,F,32.0,Seoul,Basic,15,119500.0,305400.0,3.0,2026-05-08,Y,Sports,2024-06-30,customer731@example.com,1,30,2,24,701,20360
CUST101310,F,40.0,Gyeonggi,Basic,9,89800.0,381300.0,3.9,2026-01-08,Y,Food,2025-03-30,customer1310@example.com,1,40,2,144,428,42366
CUST100126,F,22.0,Daegu,Silver,8,29400.0,55800.0,3.0,2026-06-10,N,Food,2021-10-22,customer126@example.com,0,20,1,-9,1683,6975
CUST100250,M,32.0,Seoul,Basic,8,5000.0,22200.0,3.6,2026-04-23,Y,Food,2021-03-21,customer250@example.com,0,30,1,39,1898,2775
CUST100515,F,35.0,Busan,Gold,9,145100.0,738700.0,4.3,2026-04-06,Y,Food,2024-02-15,customer515@example.com,1,30,3,56,837,82077
CUST100440,M,45.0,Seoul,Basic,15,148500.0,893400.0,4.5,2026-04-29,N,Beauty,2023-09-24,customer440@example.com,1,40,3,33,981,59560
CUST100843,M,47.0,Busan,Basic,10,87100.0,158600.0,3.9,2026-04-17,Y,Sports,2020-12-14,customer843@example.com,0,40,1,45,1995,15860
CUST100975,M,47.0,Seoul,Gold,7,109300.0,95100.0,4.2,2026-04-30,N,Fashion,2021-02-20,customer975@example.com,0,40,1,32,1927,13585
CUST100362,F,39.0,Gyeonggi,Silver,10,108500.0,427900.0,4.5,2026-06-19,Y,Home,2024-11-27,customer362@example.com,1,30,2,-18,551,42790
CUST101474,F,44.0,Seoul,Silver,13,142400.0,965500.0,3.0,2026-03-24,N,Electronics,2020-09-11,customer1474@example.com,1,40,3,69,2089,74269
CUST101244,M,38.0,Gyeonggi,Basic,7,84400.0,187100.0,3.9,2026-02-22,Y,Food,2022-10-29,customer1244@example.com,0,30,2,99,1311,26728
CUST101418,F,48.0,Seoul,Gold,11,112300.0,209800.0,3.0,2026-04-02,N,Home,2021-02-21,customer1418@example.com,0,40,2,60,1926,19072
CUST100045,F,46.0,Daegu,Basic,14,109700.0,499900.0,2.5,2026-05-09,N,Home,2020-11-23,customer45@example.com,1,40,2,23,2016,35707
CUST100954,F,46.0,Gyeonggi,Gold,4,101000.0,99700.0,3.2,2026-03-08,Y,Beauty,2022-01-12,customer954@example.com,1,40,1,85,1601,24925
CUST101078,M,46.0,Daegu,Basic,11,140600.0,776800.0,3.1,2026-05-02,N,Fashion,2023-11-17,customer1078@example.com,1,40,3,30,927,70618
CUST100314,F,31.0,Seoul,Silver,9,143900.0,317600.0,2.9,2026-06-17,Y,Fashion,2023-11-01,customer314@example.com,0,30,2,-16,943,35288
CUST100834,F,47.0,Seoul,Gold,9,88200.0,276400.0,3.7,2026-04-27,N,Sports,2020-10-17,customer834@example.com,0,40,2,35,2053,30711
CUST100920,F,55.0,Incheon,Basic,9,84100.0,166000.0,3.7,2026-05-27,N,Beauty,2020-12-11,customer920@example.com,0,50,1,5,1998,18444
CUST101030,M,33.0,Daejeon,Basic,10,180000.0,546600.0,4.2,2026-02-11,N,Electronics,2021-06-21,customer1030@example.com,0,30,3,110,1806,54660
CUST101409,F,48.0,Busan,Basic,9,129800.0,257400.0,4.0,2026-04-23,N,Electronics,2021-12-15,customer1409@example.com,1,40,2,39,1629,28600
CUST100745,F,31.0,Seoul,Silver,11,175400.0,475300.0,3.1,2026-06-25,Y,Electronics,2023-02-08,customer745@example.com,1,30,2,-24,1209,43209
CUST100033,M,65.0,Gwangju,Gold,13,184300.0,577600.0,4.4,2026-06-22,N,Fashion,2022-09-01,customer33@example.com,1,60,3,-21,1369,44430
CUST101001,M,54.0,Daejeon,Basic,10,73000.0,156600.0,3.8,2026-05-31,Y,Food,2021-12-07,customer1001@example.com,0,50,1,1,1637,15660
CUST100995,M,32.0,Daejeon,Basic,8,106800.0,318700.0,3.5,2026-02-05,N,Home,2023-04-06,customer995@example.com,0,30,2,116,1152,39837
CUST100330,M,35.0,Gwangju,Basic,7,55400.0,148600.0,2.7,2026-05-13,N,Home,2024-10-10,customer330@example.com,0,30,1,19,599,21228
CUST101187,M,49.0,Gyeonggi,Gold,8,217900.0,607900.0,2.1,2026-05-15,Y,Electronics,2023-07-19,customer1187@example.com,1,40,3,17,1048,75987
CUST101349,F,26.0,Gwangju,Gold,9,123800.0,316400.0,4.7,2026-04-10,N,Beauty,2023-06-18,customer1349@example.com,0,20,2,52,1079,35155
CUST101487,M,18.0,Seoul,Basic,11,176000.0,756100.0,3.3,2026-05-23,Y,Electronics,2024-08-04,customer1487@example.com,1,10,3,9,666,68736
CUST100110,F,42.0,Daejeon,Silver,10,106100.0,345700.0,3.9,2026-06-14,Y,Fashion,2023-11-05,customer110@example.com,0,40,2,-13,939,34570
CUST100151,F,20.0,Seoul,Gold,9,214700.0,961700.0,4.6,2026-04-15,Y,Home,2024-03-23,customer151@example.com,1,20,3,47,800,106855
CUST101232,F,68.0,Seoul,Basic,10,129200.0,589700.0,3.7,2026-06-14,Y,Fashion,2024-05-22,customer1232@example.com,1,60,3,-13,740,58970
CUST100968,F,60.0,Gwangju,Basic,11,237800.0,1060200.0,3.5,2026-04-20,N,Electronics,2024-07-07,customer968@example.com,0,60,3,42,694,96381
CUST100669,M,49.0,Incheon,Silver,7,118800.0,408100.0,3.6,2026-03-17,N,Beauty,2025-08-06,customer669@example.com,1,40,2,76,299,58300
CUST100781,M,49.0,Busan,Basic,9,221600.0,945600.0,4.2,2026-05-20,N,Electronics,2020-07-07,customer781@example.com,1,40,3,12,2155,105066
CUST101354,M,57.0,Daejeon,Gold,16,158300.0,424000.0,2.5,2026-04-01,N,Fashion,2024-12-20,customer1354@example.com,0,50,2,61,528,26500
CUST100699,M,23.0,Gwangju,Gold,9,80000.0,139700.0,2.7,2026-04-18,Y,Home,2025-12-31,customer699@example.com,0,20,1,44,152,15522
CUST101150,M,21.0,Seoul,Basic,6,48200.0,106800.0,3.7,2026-05-21,Y,Food,2021-02-15,customer1150@example.com,0,20,1,11,1932,17800
CUST100049,M,44.0,Daegu,Silver,12,117500.0,830300.0,2.3,2025-12-30,Y,Home,2021-04-10,customer49@example.com,0,40,3,153,1878,69191
CUST100971,F,33.0,Seoul,Basic,10,167200.0,468700.0,4.2,2026-06-02,N,Electronics,2021-12-29,customer971@example.com,0,30,2,-1,1615,46870
CUST100965,M,42.0,Gyeonggi,Basic,12,119100.0,691100.0,3.0,2026-03-02,N,Sports,2021-03-19,customer965@example.com,1,40,3,91,1900,57591
CUST101499,M,38.0,Gwangju,Silver,6,86700.0,77500.0,4.4,2026-01-23,N,Home,2021-09-22,customer1499@example.com,0,30,1,129,1713,12916
CUST100708,F,25.0,Seoul,Basic,3,35800.0,33300.0,3.7,2026-03-25,N,Home,2025-05-02,customer708@example.com,0,20,1,68,395,11100
CUST100847,F,42.0,Seoul,Gold,12,117500.0,537000.0,4.0,2026-06-10,Y,Home,2023-12-06,customer847@example.com,1,40,3,-9,908,44750
CUST100187,M,39.0,Gyeonggi,Silver,11,155700.0,691800.0,2.6,2026-03-04,Y,Fashion,2021-03-20,customer187@example.com,1,30,3,89,1899,62890
CUST101099,M,37.0,Seoul,Basic,10,128700.0,238900.0,4.1,2026-04-15,Y,Food,2021-12-19,customer1099@example.com,0,30,2,47,1625,23890
CUST100583,M,48.0,Gyeonggi,Silver,12,100600.0,604400.0,3.8,2026-05-25,N,Fashion,2025-07-07,customer583@example.com,0,40,3,7,329,50366
CUST100712,M,27.0,Seoul,Basic,8,117500.0,16300.0,4.7,2026-05-21,Y,Food,2024-03-26,customer712@example.com,0,20,1,11,797,2037
CUST101290,F,54.0,Gyeonggi,Basic,7,74700.0,74200.0,4.4,2026-03-24,Y,Home,2021-01-17,customer1290@example.com,1,50,1,69,1961,10600
CUST100043,F,27.0,Gyeonggi,Silver,7,132900.0,424400.0,2.3,2026-03-12,Y,Electronics,2023-08-24,customer43@example.com,0,20,2,81,1012,60628
CUST101189,F,49.0,Gwangju,Basic,11,65600.0,294700.0,1.8,2026-05-12,N,Fashion,2020-07-30,customer1189@example.com,1,40,2,20,2132,26790
CUST101339,F,46.0,Gyeonggi,Basic,7,157000.0,590100.0,5.0,2026-05-05,N,Electronics,2021-10-11,customer1339@example.com,1,40,3,27,1694,84300
CUST101328,M,47.0,Gyeonggi,Basic,7,64000.0,134700.0,4.7,2026-06-22,N,Fashion,2023-06-04,customer1328@example.com,0,40,1,-21,1093,19242
CUST101304,M,39.0,Gyeonggi,Basic,12,111900.0,436100.0,4.6,2026-01-26,Y,Sports,2025-06-03,customer1304@example.com,1,30,2,126,363,36341
CUST100652,F,45.0,Busan,Vip,10,148100.0,454300.0,4.9,2026-03-13,Y,Fashion,2023-01-27,customer652@example.com,1,40,2,80,1221,45430
CUST101444,M,53.0,Gyeonggi,Basic,17,118500.0,700300.0,3.2,2026-05-19,Y,Fashion,2025-10-11,customer1444@example.com,0,50,3,13,233,41194
CUST100617,M,38.0,Daegu,Gold,13,154000.0,931200.0,4.5,2026-05-19,N,Beauty,2023-03-31,customer617@example.com,1,30,3,13,1158,71630
CUST100500,F,48.0,Busan,Silver,5,56400.0,122800.0,3.9,2026-04-23,Y,Home,2025-01-01,customer500@example.com,0,40,1,39,516,24560
CUST100291,M,61.0,Seoul,Silver,3,7600.0,7900.0,3.6,2026-04-10,Y,Food,2024-06-04,customer291@example.com,0,60,1,52,727,2633
CUST101135,M,51.0,Daegu,Basic,10,78500.0,442300.0,2.0,2026-03-25,Y,Sports,2025-05-13,customer1135@example.com,0,50,2,68,384,44230
CUST101399,F,41.0,Daegu,Vip,6,158300.0,164400.0,3.1,2026-04-21,N,Sports,2023-04-28,customer1399@example.com,0,40,1,41,1130,27400
CUST100693,F,33.0,Gyeonggi,Basic,12,100600.0,562700.0,3.5,2025-09-11,N,Home,2024-05-29,customer693@example.com,0,30,3,263,733,46891
CUST100278,F,41.0,Busan,Basic,6,116500.0,124800.0,3.6,2026-04-07,Y,Electronics,2021-07-29,customer278@example.com,0,40,1,55,1768,20800
CUST100586,M,40.0,Gyeonggi,Silver,10,126600.0,235900.0,2.3,2026-04-20,Y,Food,2021-08-06,customer586@example.com,0,40,2,42,1760,23590
CUST100897,M,39.0,Daejeon,Silver,10,103400.0,516000.0,4.3,2026-05-23,Y,Home,2021-08-11,customer897@example.com,1,30,2,9,1755,51600
CUST101041,F,29.0,Gyeonggi,Basic,12,167400.0,359600.0,4.0,2026-03-22,N,Electronics,2022-09-27,customer1041@example.com,1,20,2,71,1343,29966
CUST101219,M,39.0,Seoul,Basic,10,194500.0,620200.0,3.7,2026-05-01,N,Electronics,2024-08-01,customer1219@example.com,0,30,3,31,669,62020
CUST100547,F,22.0,Busan,Silver,6,107800.0,119300.0,2.7,2026-04-13,Y,Fashion,2023-05-25,customer547@example.com,0,20,1,49,1103,19883
CUST101149,M,44.0,Daejeon,Silver,10,50700.0,224300.0,1.9,2026-06-04,Y,Sports,2023-01-06,customer1149@example.com,0,40,2,-3,1242,22430
CUST100269,F,51.0,Seoul,Basic,9,116100.0,330100.0,2.7,2026-05-05,N,Fashion,2021-05-14,customer269@example.com,0,50,2,27,1844,36677
CUST101285,M,44.0,Seoul,Basic,9,45200.0,122700.0,4.2,2026-04-10,N,Food,2022-08-20,customer1285@example.com,0,40,1,52,1381,13633
CUST101493,M,49.0,Daejeon,Gold,10,191900.0,1060200.0,2.8,2026-01-29,Y,Home,2020-10-20,customer1493@example.com,1,40,3,123,2050,106020
CUST101468,F,39.0,Daejeon,Silver,7,119900.0,408500.0,3.8,2026-04-14,N,Food,2023-12-25,customer1468@example.com,1,30,2,48,889,58357
CUST101047,F,69.5,Seoul,Silver,11,144300.0,470900.0,3.6,2026-04-21,N,Fashion,2023-12-31,customer1047@example.com,1,60,2,41,883,42809
CUST100100,F,69.5,Seoul,Basic,4,136400.0,138800.0,4.3,2026-06-13,N,Electronics,2021-12-22,customer100@example.com,1,60,1,-12,1622,34700
CUST101333,M,44.0,Seoul,Silver,6,106300.0,235200.0,3.4,2026-06-16,Y,Electronics,2025-07-13,customer1333@example.com,1,40,2,-15,323,39200
CUST101009,F,50.0,Gyeonggi,Basic,7,17100.0,30400.0,2.6,2026-04-09,Y,Sports,2025-06-09,customer1009@example.com,0,50,1,53,357,4342
CUST100078,M,39.0,Gyeonggi,Basic,6,132800.0,241700.0,2.6,2026-03-13,N,Electronics,2023-03-05,customer78@example.com,0,30,2,80,1184,40283
CUST101357,F,42.0,Daejeon,Silver,12,77500.0,149400.0,3.5,2026-06-02,Y,Fashion,2024-02-22,customer1357@example.com,1,40,1,-1,830,12450
CUST101124,M,28.0,Busan,Silver,3,53500.0,100600.0,3.6,2026-01-13,Y,Food,2021-09-14,customer1124@example.com,0,20,1,139,1721,33533
CUST100024,F,44.0,Seoul,Silver,5,82900.0,94900.0,4.5,2026-05-30,N,Fashion,2023-08-06,customer24@example.com,1,40,1,2,1030,18980
CUST100108,F,39.0,Busan,Basic,9,100500.0,517600.0,3.4,2026-05-30,Y,Beauty,2023-01-22,customer108@example.com,1,30,2,2,1226,57511
CUST100810,F,30.0,Seoul,Silver,8,115500.0,259200.0,4.4,2026-02-07,Y,Beauty,2021-07-15,customer810@example.com,0,30,2,114,1782,32400
CUST100426,M,50.0,Gwangju,Vip,11,197900.0,848900.0,4.1,2026-04-30,N,Home,2021-08-06,customer426@example.com,1,50,3,32,1760,77172
CUST100611,F,44.0,Busan,Basic,12,102400.0,384400.0,3.3,2026-03-29,N,Beauty,2025-05-05,customer611@example.com,1,40,2,64,392,32033
CUST101223,F,55.0,Daegu,Basic,10,73100.0,311000.0,2.9,2026-03-29,N,Sports,2025-09-29,customer1223@example.com,0,50,2,64,245,31100
CUST100010,M,49.0,Seoul,Basic,9,135500.0,646800.0,3.1,2026-06-26,N,Beauty,2025-06-03,customer10@example.com,1,40,3,-25,363,71866
CUST100815,M,46.0,Gyeonggi,Basic,13,89900.0,437400.0,3.9,2026-05-20,N,Fashion,2023-04-06,customer815@example.com,1,40,2,12,1152,33646
CUST100517,M,59.0,Gyeonggi,Basic,5,41000.0,94200.0,4.2,2026-02-19,Y,Fashion,2022-08-21,customer517@example.com,1,50,1,102,1380,18840
CUST100271,M,50.0,Seoul,Gold,8,206600.0,357300.0,3.0,2025-12-20,Y,Electronics,2022-11-18,customer271@example.com,0,50,2,163,1291,44662
CUST100167,F,52.0,Daejeon,Silver,9,166300.0,696700.0,3.8,2026-04-09,Y,Beauty,2022-07-07,customer167@example.com,1,50,3,53,1425,77411
CUST100509,F,34.0,Incheon,Basic,5,85400.0,175700.0,4.4,2026-04-23,N,Food,2024-03-02,customer509@example.com,0,30,1,39,821,35140
CUST100767,F,40.0,Gyeonggi,Silver,5,53500.0,49500.0,3.7,2026-05-08,Y,Fashion,2025-02-04,customer767@example.com,0,40,1,24,482,9900
CUST100962,M,23.0,Daegu,Silver,6,80200.0,150800.0,3.6,2025-08-26,Y,Fashion,2022-12-28,customer962@example.com,0,20,1,279,1251,25133
CUST101435,F,44.0,Seoul,Basic,7,139400.0,419800.0,4.2,2026-04-25,N,Home,2025-06-28,customer1435@example.com,1,40,2,37,338,59971
CUST101416,M,31.0,Seoul,Silver,11,197000.0,355600.0,4.1,2026-04-27,Y,Electronics,2023-04-07,customer1416@example.com,0,30,2,35,1151,32327
CUST100309,F,59.0,Gyeonggi,Basic,14,136900.0,835600.0,4.1,2026-06-11,N,Fashion,2023-04-17,customer309@example.com,1,50,3,-10,1141,59685
CUST100262,F,24.0,Seoul,Basic,11,127700.0,437900.0,5.0,2026-06-14,N,Sports,2020-09-12,customer262@example.com,1,20,2,-13,2088,39809
CUST100429,F,37.0,Seoul,Gold,6,145900.0,286900.0,4.1,2026-01-01,Y,Home,2025-05-30,customer429@example.com,0,30,2,151,367,47816
CUST101152,F,42.0,Busan,Gold,4,109400.0,249800.0,5.0,2026-03-24,Y,Fashion,2024-04-06,customer1152@example.com,1,40,2,69,786,62450
CUST100135,F,18.0,Incheon,Silver,12,204000.0,1060200.0,4.4,2026-06-19,N,Food,2023-11-18,customer135@example.com,1,10,3,-18,926,88350
CUST101096,F,45.0,Busan,Basic,10,141000.0,251400.0,3.2,2026-06-16,Y,Food,2020-09-18,customer1096@example.com,1,40,2,-15,2082,25140
CUST100917,M,32.0,Seoul,Silver,10,182200.0,971400.0,4.4,2026-06-14,N,Beauty,2025-09-05,customer917@example.com,1,30,3,-13,269,97140
CUST101213,M,31.0,Seoul,Vip,11,210200.0,899800.0,3.7,2026-04-21,Y,Fashion,2020-10-26,customer1213@example.com,1,30,3,41,2044,81800
CUST100785,M,42.0,Gyeonggi,Silver,10,79600.0,355700.0,2.8,2026-02-28,N,Fashion,2024-02-04,customer785@example.com,0,40,2,93,848,35570
CUST101481,M,54.0,Gyeonggi,Basic,14,92200.0,313300.0,4.6,2026-04-22,Y,Beauty,2022-06-06,customer1481@example.com,1,50,2,40,1456,22378
CUST101478,F,50.0,Incheon,Basic,12,107600.0,567400.0,1.4,2026-04-14,N,Fashion,2021-10-15,customer1478@example.com,0,50,3,48,1690,47283
CUST100549,F,41.0,Seoul,Basic,9,128700.0,490300.0,4.4,2026-05-11,N,Electronics,2025-04-28,customer549@example.com,1,40,2,21,399,54477
CUST101276,F,47.0,Seoul,Basic,7,126900.0,384100.0,4.1,2025-10-28,N,Fashion,2025-07-19,customer1276@example.com,0,40,2,216,317,54871
CUST100862,M,65.0,Daegu,Basic,8,84500.0,370000.0,3.6,2026-03-28,Y,Sports,2025-06-18,customer862@example.com,0,60,2,65,348,46250
CUST101128,F,37.0,Gyeonggi,Basic,8,61600.0,262100.0,3.6,2026-04-27,N,Sports,2021-01-11,customer1128@example.com,0,30,2,35,1967,32762
CUST100979,M,27.0,Gyeonggi,Gold,7,123500.0,352800.0,3.9,2026-02-21,Y,Fashion,2020-12-04,customer979@example.com,0,20,2,100,2005,50400
CUST100694,F,27.0,Seoul,Basic,8,111900.0,206100.0,4.7,2026-02-10,N,Sports,2023-07-28,customer694@example.com,0,20,2,111,1039,25762
CUST100852,M,51.0,Gyeonggi,Basic,5,110600.0,110700.0,3.0,2026-03-01,Y,Electronics,2020-07-11,customer852@example.com,1,50,1,92,2151,22140
CUST100505,M,47.0,Seoul,Silver,8,96600.0,194000.0,3.3,2026-05-13,Y,Fashion,2024-10-07,customer505@example.com,0,40,2,19,602,24250
CUST100225,M,35.0,Daegu,Basic,7,68700.0,234900.0,2.4,2026-05-12,N,Fashion,2023-06-06,customer225@example.com,1,30,2,20,1091,33557
CUST100421,M,27.0,Busan,Silver,10,165100.0,771700.0,3.2,2026-05-29,Y,Fashion,2021-08-04,customer421@example.com,1,20,3,3,1762,77170
CUST100538,M,30.0,Daejeon,Silver,6,155700.0,416300.0,3.5,2026-03-04,N,Fashion,2022-04-21,customer538@example.com,0,30,2,89,1502,69383
CUST100775,M,48.0,Gyeonggi,Gold,6,95800.0,270000.0,3.0,2026-05-08,N,Sports,2023-06-05,customer775@example.com,0,40,2,24,1092,45000
CUST100540,F,45.0,Seoul,Silver,14,168700.0,765600.0,3.5,2026-05-17,N,Home,2023-11-29,customer540@example.com,1,40,3,15,915,54685
CUST100379,F,42.0,Busan,Basic,11,117500.0,540900.0,3.8,2026-05-13,N,Food,2021-01-16,customer379@example.com,0,40,3,19,1962,49172
CUST101206,M,44.0,Daejeon,Silver,10,32200.0,89200.0,4.9,2026-05-11,Y,Fashion,2023-05-02,customer1206@example.com,1,40,1,21,1126,8920
CUST101065,F,39.0,Busan,Basic,10,120400.0,514600.0,5.0,2025-12-24,N,Food,2024-09-13,customer1065@example.com,1,30,2,159,626,51460
CUST100002,M,44.0,Busan,Gold,11,222400.0,942000.0,3.6,2026-01-23,N,Electronics,2022-09-25,customer2@example.com,1,40,3,129,1345,85636
CUST100770,M,46.0,Gyeonggi,Basic,13,106500.0,365700.0,1.9,2026-05-23,N,Beauty,2025-11-06,customer770@example.com,1,40,2,9,207,28130
CUST100993,M,36.0,Incheon,Gold,11,246700.0,1060200.0,5.0,2026-05-22,Y,Electronics,2023-12-02,customer993@example.com,1,30,3,10,912,96381
CUST101341,M,36.0,Seoul,Silver,5,73800.0,78600.0,4.1,2026-02-26,N,Fashion,2022-03-17,customer1341@example.com,0,30,1,95,1537,15720
CUST100956,M,38.0,Daejeon,Vip,7,157500.0,690200.0,3.4,2026-06-21,N,Fashion,2021-02-21,customer956@example.com,1,30,3,-20,1926,98600
CUST100667,M,45.0,Busan,Silver,8,68800.0,308400.0,3.6,2026-05-21,N,Fashion,2024-02-19,customer667@example.com,0,40,2,11,833,38550
CUST101316,M,41.0,Seoul,Silver,13,197100.0,918800.0,2.8,2026-02-06,N,Electronics,2020-12-05,customer1316@example.com,1,40,3,115,2004,70676
CUST100662,F,39.0,Seoul,Silver,8,85600.0,300400.0,3.9,2025-12-28,N,Food,2023-10-10,customer662@example.com,0,30,2,155,965,37550
CUST100141,M,65.0,Gyeonggi,Basic,5,53300.0,117500.0,4.2,2026-05-24,Y,Food,2023-10-07,customer141@example.com,0,60,1,8,968,23500
CUST100473,F,39.0,Daegu,Vip,7,155400.0,465700.0,4.9,2026-06-07,N,Home,2024-03-17,customer473@example.com,1,30,2,-6,806,66528
CUST100382,F,43.0,Incheon,Basic,5,117500.0,107800.0,3.4,2026-03-02,Y,Electronics,2022-02-13,customer382@example.com,0,40,1,91,1569,21560
CUST100580,F,32.0,Daegu,Basic,8,67900.0,268700.0,3.8,2026-03-17,N,Fashion,2021-01-08,customer580@example.com,0,30,2,76,1970,33587
CUST100275,F,44.0,Gyeonggi,Basic,10,76700.0,157200.0,4.6,2026-05-29,N,Sports,2025-03-24,customer275@example.com,0,40,1,3,434,15720
CUST100477,M,49.0,Busan,Silver,9,134900.0,741100.0,4.0,2026-03-07,N,Fashion,2024-10-04,customer477@example.com,0,40,3,86,605,82344
CUST101428,F,33.0,Gyeonggi,Gold,6,131800.0,295600.0,4.5,2026-04-24,N,Food,2024-10-13,customer1428@example.com,1,30,2,38,596,49266
CUST101238,M,35.0,Daegu,Gold,9,194800.0,402300.0,4.9,2026-05-21,Y,Beauty,2022-09-13,customer1238@example.com,0,30,2,11,1357,44700
CUST101192,F,46.0,Daejeon,Vip,6,231900.0,251100.0,4.7,2026-05-23,N,Electronics,2023-06-27,customer1192@example.com,0,40,2,9,1070,41850
CUST100830,F,42.0,Seoul,Gold,6,178500.0,184600.0,2.3,2026-04-21,Y,Sports,2021-05-03,customer830@example.com,0,40,2,41,1855,30766
CUST100004,M,46.0,Gyeonggi,Silver,11,86200.0,181200.0,3.3,2026-06-01,N,Fashion,2023-04-25,customer4@example.com,0,40,1,0,1133,16472
CUST101378,F,44.0,Gyeonggi,Gold,7,187800.0,582500.0,4.4,2026-06-13,Y,Food,2024-03-21,customer1378@example.com,1,40,3,-12,802,83214
CUST101448,F,35.0,Incheon,Basic,9,94700.0,247400.0,3.8,2026-05-22,N,Fashion,2024-08-06,customer1448@example.com,0,30,2,10,664,27488
CUST100096,F,38.0,Incheon,Silver,14,54200.0,259100.0,2.8,2026-05-06,N,Fashion,2021-10-16,customer96@example.com,0,30,2,26,1689,18507
CUST100526,M,19.0,Daejeon,Gold,10,121400.0,230500.0,3.2,2026-03-13,N,Fashion,2023-04-08,customer526@example.com,0,10,2,80,1150,23050
CUST100760,F,55.0,Seoul,Gold,7,145000.0,303900.0,2.7,2026-04-13,N,Beauty,2023-06-08,customer760@example.com,0,50,2,49,1089,43414
CUST100885,F,61.0,Daegu,Basic,10,63000.0,141500.0,3.3,2026-01-20,N,Home,2020-11-09,customer885@example.com,0,60,1,132,2030,14150
CUST100938,F,28.0,Seoul,Basic,7,130000.0,593200.0,4.4,2026-03-18,Y,Electronics,2021-06-16,customer938@example.com,1,20,3,75,1811,84742
CUST100869,M,68.0,Daejeon,Gold,8,109400.0,334900.0,3.5,2026-06-19,N,Home,2023-06-26,customer869@example.com,1,60,2,-18,1071,41862
CUST100332,F,49.0,Gwangju,Vip,17,167100.0,750600.0,4.4,2026-06-04,Y,Fashion,2020-10-07,customer332@example.com,1,40,3,-3,2063,44152
CUST100304,M,50.0,Seoul,Basic,6,88200.0,291600.0,3.3,2026-05-09,N,Electronics,2021-11-24,customer304@example.com,0,50,2,23,1650,48600
CUST101367,F,39.0,Seoul,Basic,10,150600.0,585800.0,4.0,2026-04-16,Y,Electronics,2023-04-05,customer1367@example.com,1,30,3,46,1153,58580
CUST100683,M,37.0,Daegu,Basic,10,92200.0,445000.0,4.3,2026-06-13,N,Fashion,2021-08-08,customer683@example.com,1,30,2,-12,1758,44500
CUST100512,F,47.0,Seoul,Basic,6,106100.0,182000.0,3.3,2026-03-27,N,Electronics,2024-04-11,customer512@example.com,0,40,1,66,781,30333
CUST100289,M,32.0,Seoul,Silver,11,117400.0,386500.0,3.4,2026-04-03,Y,Fashion,2021-02-21,customer289@example.com,1,30,2,59,1926,35136
CUST101205,F,45.0,Busan,Basic,9,74000.0,246600.0,3.4,2026-04-11,Y,Beauty,2024-01-18,customer1205@example.com,0,40,2,51,865,27400
CUST100930,M,59.0,Gwangju,Basic,14,158800.0,552300.0,3.1,2026-05-12,N,Fashion,2021-05-18,customer930@example.com,1,50,3,20,1840,39450
CUST100008,M,25.0,Gwangju,Silver,9,62700.0,123700.0,3.7,2026-04-06,N,Fashion,2021-05-02,customer8@example.com,0,20,1,56,1856,13744
CUST100287,F,45.0,Seoul,Basic,6,48700.0,43100.0,5.0,2026-05-09,Y,Food,2024-12-21,customer287@example.com,0,40,1,23,527,7183
CUST100588,M,66.0,Gyeonggi,Basic,5,104400.0,334700.0,3.2,2026-06-17,Y,Food,2021-12-26,customer588@example.com,0,60,2,-16,1618,66940
CUST100191,F,18.0,Incheon,Silver,12,97600.0,206400.0,3.0,2026-02-03,N,Beauty,2022-01-06,customer191@example.com,0,10,2,118,1607,17200
CUST100036,F,21.0,Seoul,Gold,14,201200.0,681100.0,3.7,2026-04-07,N,Electronics,2020-12-15,customer36@example.com,0,20,3,55,1994,48650
CUST100660,M,42.0,Seoul,Basic,8,182200.0,718900.0,4.2,2026-04-25,N,Electronics,2021-10-07,customer660@example.com,1,40,3,37,1698,89862
CUST100189,M,18.0,Gyeonggi,Basic,7,106700.0,227000.0,3.4,2026-02-02,Y,Fashion,2023-06-13,customer189@example.com,0,10,2,119,1084,32428
CUST100236,M,38.0,Seoul,Silver,10,218000.0,905600.0,3.8,2026-03-10,Y,Electronics,2025-09-29,customer236@example.com,1,30,3,83,245,90560
CUST101495,M,35.0,Daejeon,Basic,9,124100.0,334200.0,4.1,2026-04-07,Y,Sports,2023-12-04,customer1495@example.com,1,30,2,55,910,37133
CUST100548,F,51.0,Incheon,Gold,9,133900.0,596200.0,3.1,2026-02-18,N,Beauty,2022-05-02,customer548@example.com,0,50,3,103,1491,66244
CUST101488,F,35.0,Gwangju,Gold,6,91000.0,83100.0,2.3,2026-05-30,Y,Home,2023-10-22,customer1488@example.com,0,30,1,2,953,13850
CUST101391,F,41.0,Seoul,Vip,10,137500.0,759100.0,4.3,2026-02-14,Y,Beauty,2021-06-20,customer1391@example.com,1,40,3,107,1807,75910
CUST101107,F,41.0,Gyeonggi,Basic,6,78500.0,69000.0,3.5,2026-06-22,N,Fashion,2023-10-20,customer1107@example.com,0,40,1,-21,955,11500
CUST100073,M,32.0,Gyeonggi,Gold,14,157500.0,461500.0,3.9,2026-04-15,Y,Home,2025-10-04,customer73@example.com,0,30,2,47,240,32964
CUST100466,F,18.0,Daegu,Gold,10,169600.0,554100.0,2.6,2025-11-23,Y,Home,2025-07-24,customer466@example.com,0,10,3,190,312,55410
CUST101433,F,24.0,Daejeon,Basic,8,63200.0,109700.0,2.9,2026-05-01,N,Home,2023-02-24,customer1433@example.com,0,20,1,31,1193,13712
CUST101347,F,37.0,Daejeon,Gold,11,111200.0,632100.0,3.2,2026-03-27,N,Food,2022-06-25,customer1347@example.com,1,30,3,66,1437,57463
CUST100134,F,37.0,Daejeon,Silver,7,81000.0,89300.0,2.5,2026-02-01,Y,Fashion,2022-08-20,customer134@example.com,0,30,1,120,1381,12757
CUST101113,F,50.0,Gyeonggi,Basic,10,74200.0,369900.0,3.7,2026-04-06,Y,Food,2023-05-23,customer1113@example.com,1,50,2,56,1105,36990
CUST100410,F,58.0,Gyeonggi,Gold,11,135700.0,376600.0,3.9,2026-04-19,Y,Fashion,2025-07-09,customer410@example.com,0,50,2,43,327,34236
CUST100205,M,37.0,Gwangju,Gold,8,135500.0,404600.0,3.5,2026-05-10,Y,Fashion,2022-03-08,customer205@example.com,1,30,2,22,1546,50575
CUST101184,F,39.0,Busan,Basic,8,82100.0,242500.0,4.7,2026-04-22,N,Sports,2021-11-17,customer1184@example.com,1,30,2,40,1657,30312
CUST100377,F,39.0,Gyeonggi,Basic,8,117500.0,182200.0,3.5,2026-04-09,Y,Beauty,2022-11-04,customer377@example.com,0,30,1,53,1305,22775
CUST100443,F,55.0,Seoul,Silver,7,82300.0,93600.0,3.6,2026-05-09,Y,Food,2021-06-05,customer443@example.com,0,50,1,23,1822,13371
CUST101210,M,38.0,Gyeonggi,Gold,7,190100.0,650000.0,4.0,2026-05-06,N,Beauty,2020-07-17,customer1210@example.com,1,30,3,26,2145,92857
CUST100251,F,37.0,Daejeon,Basic,9,97100.0,97400.0,3.1,2026-05-07,N,Food,2025-10-13,customer251@example.com,0,30,1,25,231,10822
CUST100727,F,62.0,Seoul,Basic,4,56300.0,55100.0,2.3,2026-06-02,N,Food,2022-02-11,customer727@example.com,0,60,1,-1,1571,13775
CUST101045,F,48.0,Gyeonggi,Basic,7,119800.0,245900.0,3.4,2026-05-15,N,Sports,2022-03-02,customer1045@example.com,0,40,2,17,1552,35128
CUST100279,M,42.0,Busan,Basic,9,116900.0,246800.0,3.4,2026-04-13,N,Fashion,2023-03-15,customer279@example.com,0,40,2,49,1174,27422
CUST100912,F,60.0,Daejeon,Basic,12,43200.0,127700.0,1.5,2026-06-07,Y,Fashion,2024-12-16,customer912@example.com,0,60,1,-6,532,10641
CUST100290,M,22.0,Incheon,Gold,14,214200.0,1060200.0,4.1,2026-03-02,N,Fashion,2023-09-04,customer290@example.com,0,20,3,91,1001,75728
CUST100746,M,52.0,Gwangju,Basic,15,144800.0,573500.0,3.4,2026-06-17,N,Electronics,2023-03-12,customer746@example.com,1,50,3,-16,1177,38233
CUST100605,M,29.0,Gyeonggi,Basic,5,137100.0,261200.0,3.9,2026-06-28,Y,Home,2023-05-26,customer605@example.com,0,20,2,-27,1102,52240
CUST100640,F,48.0,Incheon,Basic,4,113400.0,105900.0,3.0,2026-03-31,N,Electronics,2022-06-30,customer640@example.com,0,40,1,62,1432,26475
CUST100900,M,48.0,Busan,Gold,12,78800.0,157700.0,2.1,2026-04-28,Y,Fashion,2025-05-10,customer900@example.com,0,40,1,34,387,13141
CUST100058,M,46.0,Incheon,Basic,9,162100.0,454800.0,4.2,2026-06-04,Y,Electronics,2021-10-21,customer58@example.com,1,40,2,-3,1684,50533
CUST100601,M,24.0,Daejeon,Silver,4,117500.0,82900.0,3.8,2026-06-07,Y,Food,2021-12-03,customer601@example.com,1,20,1,-6,1641,20725
CUST100842,F,35.0,Seoul,Basic,7,117500.0,306800.0,3.6,2026-05-10,Y,Beauty,2022-01-01,customer842@example.com,1,30,2,22,1612,43828
CUST101017,F,37.0,Gyeonggi,Basic,11,84100.0,229600.0,3.8,2026-06-12,N,Sports,2022-02-24,customer1017@example.com,0,30,2,-11,1558,20872
CUST101443,M,39.0,Seoul,Basic,12,144500.0,495700.0,5.0,2026-06-06,N,Electronics,2022-07-23,customer1443@example.com,1,30,2,-5,1409,41308
CUST100619,M,36.0,Gwangju,Silver,8,108000.0,467900.0,4.7,2026-04-28,Y,Fashion,2024-03-08,customer619@example.com,1,30,2,34,815,58487
CUST101164,M,36.0,Seoul,Basic,8,72000.0,127800.0,3.6,2026-04-08,N,Beauty,2022-04-19,customer1164@example.com,0,30,1,54,1504,15975
CUST101325,M,56.0,Daejeon,Silver,11,192400.0,395700.0,5.0,2025-11-13,Y,Fashion,2025-12-07,customer1325@example.com,1,50,2,200,176,35972
CUST100352,F,44.0,Gyeonggi,Basic,14,58600.0,305800.0,3.3,2026-05-08,Y,Sports,2024-07-17,customer352@example.com,1,40,2,24,684,21842
CUST101072,F,53.0,Seoul,Gold,8,149300.0,627900.0,2.5,2026-04-01,Y,Food,2022-09-28,customer1072@example.com,1,50,3,61,1342,78487
CUST100306,M,62.0,Gwangju,Basic,7,148300.0,476200.0,4.4,2026-05-07,N,Electronics,2025-06-21,customer306@example.com,0,60,2,25,345,68028
CUST101202,F,45.0,Gyeonggi,Basic,10,116700.0,201500.0,3.5,2026-04-02,N,Beauty,2024-11-16,customer1202@example.com,1,40,2,60,562,20150
CUST100246,M,28.0,Seoul,Basic,12,130800.0,684300.0,4.9,2026-03-28,N,Beauty,2021-04-09,customer246@example.com,0,20,3,65,1879,57025
CUST100481,M,35.0,Gyeonggi,Vip,8,176400.0,589500.0,4.1,2026-04-29,Y,Beauty,2025-03-07,customer481@example.com,1,30,3,33,451,73687
CUST101322,F,43.0,Seoul,Vip,9,246700.0,1060200.0,3.9,2026-02-16,Y,Food,2025-05-08,customer1322@example.com,1,40,3,105,389,117800
CUST101139,M,32.0,Incheon,Basic,13,78200.0,479900.0,3.5,2026-03-30,N,Food,2024-12-09,customer1139@example.com,0,30,2,63,539,36915
CUST101425,M,32.0,Gwangju,Silver,6,110700.0,364200.0,2.7,2026-01-11,N,Fashion,2024-08-27,customer1425@example.com,0,30,2,141,643,60700
CUST100284,M,43.0,Gwangju,Basic,6,134900.0,150000.0,3.7,2026-05-05,Y,Electronics,2021-07-30,customer284@example.com,0,40,1,27,1767,25000
CUST100292,M,38.0,Seoul,Basic,12,205600.0,1060200.0,3.3,2026-04-20,Y,Electronics,2021-05-28,customer292@example.com,1,30,3,42,1830,88350
CUST100982,F,57.0,Seoul,Gold,11,208300.0,954600.0,4.0,2025-11-03,N,Sports,2020-07-08,customer982@example.com,1,50,3,210,2154,86781
CUST101023,F,28.0,Gyeonggi,Vip,5,122700.0,269000.0,4.3,2026-05-10,N,Beauty,2024-07-22,customer1023@example.com,1,20,2,22,679,53800
CUST101229,M,33.0,Busan,Silver,9,52800.0,161300.0,2.6,2026-04-13,N,Home,2023-09-20,customer1229@example.com,0,30,1,49,985,17922
CUST101275,M,31.0,Seoul,Basic,11,120700.0,407600.0,3.4,2026-05-18,Y,Beauty,2025-07-29,customer1275@example.com,1,30,2,14,307,37054
CUST101162,M,44.0,Gyeonggi,Basic,9,119900.0,121300.0,5.0,2026-04-21,N,Food,2024-06-10,customer1162@example.com,1,40,1,41,721,13477
CUST100826,F,35.0,Daejeon,Silver,5,103400.0,188700.0,3.8,2026-06-07,N,Fashion,2023-01-22,customer826@example.com,0,30,2,-6,1226,37740
CUST100486,F,26.0,Busan,Gold,8,173300.0,296600.0,4.4,2026-04-03,N,Beauty,2020-07-29,customer486@example.com,1,20,2,59,2133,37075
CUST100946,F,34.0,Gyeonggi,Silver,7,163200.0,299700.0,4.4,2026-05-11,Y,Electronics,2022-10-13,customer946@example.com,1,30,2,21,1327,42814
CUST100221,F,38.0,Seoul,Basic,5,59900.0,58300.0,3.5,2026-04-11,N,Beauty,2022-08-15,customer221@example.com,0,30,1,51,1386,11660
CUST100062,M,63.0,Incheon,Basic,8,18100.0,62500.0,4.2,2026-06-24,Y,Beauty,2025-03-04,customer62@example.com,0,60,1,-23,454,7812
CUST101014,F,49.0,Gyeonggi,Silver,10,92500.0,328600.0,4.3,2025-12-07,N,Beauty,2022-07-24,customer1014@example.com,0,40,2,176,1408,32860
CUST101373,F,34.0,Gwangju,Basic,14,142200.0,767100.0,2.8,2026-01-31,N,Beauty,2021-05-15,customer1373@example.com,1,30,3,121,1843,54792
CUST101265,F,35.0,Gyeonggi,Basic,8,101300.0,112100.0,4.9,2026-03-25,Y,Fashion,2024-07-20,customer1265@example.com,0,30,1,68,681,14012
CUST100434,F,33.0,Daejeon,Basic,3,117500.0,64200.0,3.2,2026-04-16,N,Food,2023-09-15,customer434@example.com,0,30,1,46,990,21400
CUST101492,M,45.0,Gyeonggi,Silver,12,134700.0,264000.0,2.0,2026-04-08,Y,Home,2023-04-26,customer1492@example.com,0,40,2,54,1132,22000
CUST101197,F,23.0,Gyeonggi,Silver,4,122800.0,112800.0,4.1,2026-04-15,N,Electronics,2021-04-15,customer1197@example.com,1,20,1,47,1873,28200
CUST100327,F,59.0,Daejeon,Basic,15,89800.0,642000.0,4.1,2026-05-22,N,Home,2024-12-24,customer327@example.com,1,50,3,10,524,42800
CUST101477,M,33.0,Busan,Basic,14,116000.0,537000.0,4.6,2026-05-30,Y,Fashion,2022-08-15,customer1477@example.com,1,30,3,2,1386,38357
CUST100109,F,18.0,Seoul,Basic,12,130500.0,523500.0,3.5,2026-02-27,N,Home,2023-12-23,customer109@example.com,0,10,2,94,891,43625
CUST101111,F,36.0,Gyeonggi,Basic,11,43100.0,177300.0,3.9,2026-05-05,N,Home,2022-02-15,customer1111@example.com,1,30,1,27,1567,16118
CUST101114,M,46.0,Daejeon,Basic,4,43100.0,92400.0,3.6,2026-01-15,Y,Beauty,2021-01-22,customer1114@example.com,1,40,1,137,1956,23100
CUST101494,M,31.0,Gyeonggi,Basic,8,84400.0,226100.0,4.7,2026-02-11,Y,Beauty,2020-09-25,customer1494@example.com,1,30,2,110,2075,28262
CUST100441,M,54.0,Seoul,Silver,11,121000.0,579800.0,2.6,2026-05-12,N,Food,2020-12-21,customer441@example.com,0,50,3,20,1988,52709
CUST100319,F,52.0,Daegu,Silver,6,129300.0,135400.0,3.2,2026-02-19,N,Fashion,2025-05-31,customer319@example.com,1,50,1,102,366,22566
CUST100273,F,30.0,Seoul,Gold,10,245700.0,1060200.0,5.0,2026-05-16,N,Electronics,2024-10-26,customer273@example.com,1,30,3,16,583,106020
CUST101368,M,43.0,Daejeon,Basic,9,118400.0,262000.0,3.8,2026-05-02,Y,Electronics,2023-01-05,customer1368@example.com,0,40,2,30,1243,29111
CUST101397,F,35.0,Busan,Basic,10,6900.0,38500.0,4.2,2026-04-18,N,Food,2022-07-25,customer1397@example.com,1,30,1,44,1407,3850
CUST100724,F,28.0,Gwangju,Basic,10,48900.0,219600.0,3.7,2026-06-12,Y,Fashion,2021-11-04,customer724@example.com,1,20,2,-11,1670,21960
CUST101311,M,42.0,Seoul,Silver,9,44100.0,199100.0,3.8,2026-05-27,N,Food,2022-07-28,customer1311@example.com,0,40,2,5,1404,22122
CUST100389,M,31.0,Gyeonggi,Silver,7,138800.0,387200.0,3.9,2026-05-16,Y,Fashion,2022-09-30,customer389@example.com,1,30,2,16,1340,55314
CUST100260,M,36.0,Gwangju,Silver,10,156100.0,891700.0,3.4,2026-04-07,N,Electronics,2023-04-09,customer260@example.com,1,30,3,55,1149,89170
CUST100174,F,44.0,Incheon,Silver,7,81000.0,360500.0,3.2,2026-03-23,N,Beauty,2024-08-13,customer174@example.com,0,40,2,70,657,51500
CUST100153,M,24.0,Gwangju,Basic,5,122900.0,255000.0,3.3,2026-02-02,N,Electronics,2021-08-27,customer153@example.com,0,20,2,119,1739,51000
CUST100816,M,36.0,Busan,Vip,13,209900.0,1060200.0,3.2,2026-02-26,N,Beauty,2024-10-03,customer816@example.com,1,30,3,95,606,81553
CUST100697,F,39.0,Busan,Silver,8,90500.0,385100.0,3.9,2026-02-06,Y,Home,2024-10-27,customer697@example.com,1,30,2,115,582,48137
CUST100338,M,31.0,Gyeonggi,Gold,5,156000.0,178600.0,2.9,2026-06-29,N,Beauty,2020-10-14,customer338@example.com,0,30,1,-28,2056,35720
CUST100431,M,33.0,Seoul,Basic,6,134700.0,272200.0,3.5,2026-05-04,Y,Electronics,2023-04-27,customer431@example.com,0,30,2,28,1131,45366
CUST100194,F,32.0,Gyeonggi,Basic,9,108400.0,211700.0,2.4,2026-04-01,N,Electronics,2022-09-11,customer194@example.com,0,30,2,61,1359,23522
CUST101039,F,37.0,Incheon,Basic,13,60600.0,381000.0,2.9,2026-02-28,N,Sports,2022-08-18,customer1039@example.com,0,30,2,93,1383,29307
CUST100233,F,40.0,Gyeonggi,Basic,7,108500.0,354100.0,3.9,2026-06-11,N,Electronics,2021-02-17,customer233@example.com,1,40,2,-10,1930,50585
CUST100209,F,22.0,Seoul,Silver,13,108700.0,405100.0,3.9,2026-05-17,Y,Fashion,2024-05-05,customer209@example.com,0,20,2,15,757,31161
CUST100698,F,39.0,Seoul,Basic,3,70200.0,75300.0,3.7,2026-04-26,N,Sports,2024-06-18,customer698@example.com,0,30,1,36,713,25100
CUST100812,F,19.0,Gyeonggi,Vip,5,246700.0,227100.0,2.4,2026-04-01,Y,Electronics,2024-01-13,customer812@example.com,0,10,2,61,870,45420
CUST101451,F,37.0,Gwangju,Basic,11,103100.0,274800.0,1.7,2026-06-06,N,Sports,2022-12-02,customer1451@example.com,0,30,2,-5,1277,24981
CUST100539,M,32.0,Gwangju,Silver,6,81200.0,160500.0,4.3,2026-05-22,N,Beauty,2023-09-14,customer539@example.com,1,30,1,10,991,26750
CUST101123,F,47.0,Daegu,Gold,8,133200.0,534300.0,5.0,2026-02-07,Y,Beauty,2025-09-05,customer1123@example.com,1,40,2,114,269,66787
CUST100468,F,38.0,Incheon,Basic,9,91500.0,366000.0,3.6,2026-05-19,Y,Beauty,2021-02-28,customer468@example.com,0,30,2,13,1919,40666
CUST100684,F,27.0,Gyeonggi,Silver,10,108000.0,477200.0,2.6,2026-02-01,N,Food,2025-02-22,customer684@example.com,1,20,2,120,464,47720
CUST100796,M,49.0,Seoul,Gold,7,135200.0,352900.0,3.0,2026-06-04,Y,Fashion,2021-03-11,customer796@example.com,1,40,2,-3,1908,50414
CUST100893,F,32.0,Seoul,Basic,6,22000.0,43300.0,3.5,2026-04-29,N,Fashion,2022-07-21,customer893@example.com,0,30,1,33,1411,7216
CUST100996,F,36.0,Incheon,Basic,7,64800.0,257500.0,2.3,2026-02-23,Y,Home,2021-03-31,customer996@example.com,0,30,2,98,1888,36785
CUST100752,M,41.0,Gwangju,Silver,10,203900.0,465100.0,4.0,2026-03-09,Y,Electronics,2023-12-30,customer752@example.com,0,40,2,84,884,46510
CUST101050,F,30.0,Seoul,Basic,8,100800.0,295700.0,2.8,2026-03-16,N,Sports,2023-03-06,customer1050@example.com,0,30,2,77,1183,36962
CUST100507,F,43.0,Seoul,Basic,10,118700.0,516200.0,4.2,2026-05-24,N,Food,2025-07-13,customer507@example.com,1,40,2,8,323,51620
CUST100827,M,40.0,Seoul,Silver,13,74500.0,452000.0,3.8,2026-03-24,Y,Fashion,2023-10-14,customer827@example.com,1,40,2,69,961,34769
CUST101140,F,35.0,Seoul,Basic,8,100000.0,257200.0,4.4,2026-03-13,N,Fashion,2023-07-20,customer1140@example.com,1,30,2,80,1047,32150
CUST100820,F,43.0,Gyeonggi,Basic,8,126600.0,435500.0,3.6,2026-04-07,N,Fashion,2024-06-24,customer820@example.com,0,40,2,55,707,54437
CUST100137,F,29.0,Busan,Basic,5,57400.0,111300.0,3.3,2026-02-28,N,Fashion,2023-07-03,customer137@example.com,0,20,1,93,1064,22260
CUST100630,F,18.0,Seoul,Basic,6,70600.0,72600.0,3.5,2026-01-26,N,Home,2021-11-17,customer630@example.com,0,10,1,126,1657,12100
CUST101432,F,51.0,Daejeon,Gold,7,117500.0,147900.0,4.1,2026-06-12,N,Beauty,2021-12-20,customer1432@example.com,0,50,1,-11,1624,21128
CUST100450,M,30.0,Gwangju,Gold,12,124700.0,511800.0,4.4,2026-04-30,N,Sports,2021-12-01,customer450@example.com,1,30,2,32,1643,42650
CUST100439,M,46.0,Gwangju,Basic,9,102600.0,353200.0,3.3,2026-04-10,Y,Food,2022-04-01,customer439@example.com,0,40,2,52,1522,39244
CUST100203,F,32.0,Daejeon,Vip,5,92900.0,180500.0,3.7,2026-04-05,N,Food,2020-06-28,customer203@example.com,1,30,1,57,2164,36100
CUST100646,F,53.0,Incheon,Silver,12,117800.0,218200.0,4.3,2026-01-29,Y,Fashion,2023-07-13,customer646@example.com,0,50,2,123,1054,18183
CUST101348,F,45.0,Gwangju,Basic,13,101300.0,518900.0,2.4,2026-05-02,Y,Home,2024-04-16,customer1348@example.com,1,40,2,30,776,39915
CUST100403,F,36.0,Busan,Basic,14,205700.0,1060200.0,3.1,2026-04-06,N,Electronics,2023-11-25,customer403@example.com,1,30,3,56,919,75728
CUST101436,M,43.0,Seoul,Gold,11,176700.0,563700.0,4.6,2026-05-14,N,Electronics,2022-02-17,customer1436@example.com,1,40,3,18,1565,51245
CUST101345,M,44.0,Incheon,Basic,3,88000.0,98700.0,2.8,2026-03-27,N,Beauty,2023-10-18,customer1345@example.com,0,40,1,66,957,32900
CUST101471,F,36.0,Seoul,Basic,10,120800.0,213100.0,4.7,2026-06-11,N,Fashion,2024-04-25,customer1471@example.com,0,30,2,-10,767,21310
CUST100336,M,55.0,Gwangju,Gold,11,160100.0,283000.0,3.0,2026-03-11,N,Food,2024-10-08,customer336@example.com,0,50,2,82,601,25727
CUST100034,M,46.0,Seoul,Silver,9,150900.0,424000.0,4.1,2025-11-26,N,Home,2021-04-13,customer34@example.com,0,40,2,187,1875,47111
CUST101306,F,26.0,Seoul,Silver,12,61700.0,210600.0,5.0,2026-04-05,Y,Fashion,2023-03-14,customer1306@example.com,1,20,2,57,1175,17550
CUST101394,M,34.0,Gwangju,Gold,4,167800.0,338900.0,4.1,2026-06-05,N,Home,2025-03-06,customer1394@example.com,1,30,2,-4,452,84725
CUST100906,F,19.0,Seoul,Silver,9,67400.0,74400.0,4.5,2026-04-12,N,Home,2025-08-09,customer906@example.com,0,10,1,50,296,8266
CUST100889,M,46.0,Gyeonggi,Basic,8,75100.0,69500.0,3.9,2026-05-26,N,Fashion,2024-11-13,customer889@example.com,1,40,1,6,565,8687
CUST100484,F,54.0,Daejeon,Silver,10,98100.0,344600.0,4.5,2026-03-02,N,Fashion,2022-01-19,customer484@example.com,1,50,2,91,1594,34460
CUST100457,M,41.0,Daegu,Gold,11,207100.0,901000.0,3.0,2026-05-21,N,Fashion,2021-03-13,customer457@example.com,1,40,3,11,1906,81909
CUST101421,M,41.0,Gwangju,Basic,12,218700.0,920800.0,4.2,2026-05-28,N,Electronics,2020-08-04,customer1421@example.com,1,40,3,4,2127,76733
CUST101422,M,46.0,Gyeonggi,Gold,12,232300.0,458000.0,2.6,2026-06-04,Y,Electronics,2025-07-23,customer1422@example.com,1,40,2,-3,313,38166
CUST101309,F,41.0,Seoul,Gold,13,145700.0,589900.0,2.4,2026-03-18,N,Fashion,2023-02-09,customer1309@example.com,0,40,3,75,1208,45376
CUST100499,F,25.0,Busan,Basic,10,159900.0,282800.0,3.1,2026-05-27,N,Electronics,2024-11-18,customer499@example.com,0,20,2,5,560,28280
CUST101146,M,67.0,Gyeonggi,Vip,10,243400.0,962400.0,4.5,2026-03-23,N,Electronics,2020-07-25,customer1146@example.com,0,60,3,70,2137,96240
CUST100390,F,32.0,Seoul,Basic,9,83600.0,189400.0,3.1,2026-02-15,Y,Food,2024-03-20,customer390@example.com,1,30,2,106,803,21044
CUST100574,M,39.0,Seoul,Silver,15,45900.0,224100.0,4.2,2026-04-24,N,Food,2023-08-03,customer574@example.com,1,30,2,38,1033,14940
CUST100357,F,32.0,Gyeonggi,Silver,7,90800.0,290500.0,3.9,2026-05-27,Y,Fashion,2022-12-13,customer357@example.com,1,30,2,5,1266,41500
CUST100022,F,43.0,Seoul,Silver,5,68900.0,147400.0,3.0,2026-05-27,N,Food,2025-12-22,customer22@example.com,0,40,1,5,161,29480
CUST101288,F,35.0,Seoul,Vip,12,177800.0,834300.0,4.1,2026-06-05,N,Fashion,2022-07-09,customer1288@example.com,1,30,3,-4,1423,69525
CUST100122,F,27.0,Seoul,Basic,16,130500.0,1032600.0,3.6,2026-03-26,Y,Fashion,2022-04-20,customer122@example.com,1,20,3,67,1503,64537
CUST100771,F,23.0,Gyeonggi,Basic,10,5000.0,23000.0,4.2,2026-04-21,Y,Fashion,2024-07-12,customer771@example.com,0,20,1,41,689,2300
CUST100155,M,23.0,Seoul,Silver,7,83900.0,84000.0,4.8,2026-04-09,N,Beauty,2024-05-22,customer155@example.com,0,20,1,53,740,12000
CUST100808,M,21.0,Busan,Silver,11,173000.0,638700.0,4.1,2025-11-15,Y,Electronics,2023-08-01,customer808@example.com,0,20,3,198,1035,58063
CUST100081,M,64.0,Seoul,Silver,9,125700.0,567500.0,3.6,2026-06-15,Y,Fashion,2023-04-07,customer81@example.com,1,60,3,-14,1151,63055
CUST100620,M,27.0,Daejeon,Silver,4,55300.0,51400.0,3.6,2026-03-18,N,Beauty,2025-06-03,customer620@example.com,0,20,1,75,363,12850
CUST100099,F,56.0,Gyeonggi,Silver,5,110300.0,237700.0,4.2,2025-11-09,Y,Food,2020-10-10,customer99@example.com,0,50,2,204,2060,47540
CUST100210,M,34.0,Gyeonggi,Basic,11,46900.0,183400.0,3.2,2026-06-09,Y,Food,2023-05-11,customer210@example.com,0,30,1,-8,1117,16672
CUST100157,F,35.0,Gyeonggi,Gold,7,134300.0,286600.0,4.3,2026-01-29,Y,Beauty,2021-04-08,customer157@example.com,1,30,2,123,1880,40942
CUST101287,F,36.0,Gyeonggi,Gold,12,132600.0,547400.0,4.4,2026-05-06,N,Sports,2023-08-31,customer1287@example.com,1,30,3,26,1005,45616
CUST101141,M,30.0,Daejeon,Silver,7,161000.0,322300.0,4.6,2026-05-29,N,Electronics,2021-10-28,customer1141@example.com,1,30,2,3,1677,46042
CUST100655,F,24.0,Daegu,Gold,12,132400.0,253600.0,3.6,2026-06-14,N,Beauty,2022-01-14,customer655@example.com,1,20,2,-13,1599,21133
CUST100819,F,28.0,Gyeonggi,Silver,11,193700.0,1060200.0,3.5,2026-05-01,Y,Electronics,2023-02-17,customer819@example.com,1,20,3,31,1200,96381
CUST100280,F,40.0,Gwangju,Vip,5,134800.0,294900.0,4.9,2026-03-14,Y,Home,2024-08-09,customer280@example.com,0,40,2,79,661,58980
CUST100986,F,31.0,Daejeon,Basic,7,117500.0,76500.0,3.1,2026-06-16,Y,Food,2024-05-13,customer986@example.com,1,30,1,-15,749,10928
CUST100720,F,42.0,Gwangju,Silver,11,153300.0,267300.0,3.4,2026-03-15,Y,Food,2023-08-01,customer720@example.com,1,40,2,78,1035,24300
CUST100301,F,32.0,Daejeon,Vip,8,245000.0,496800.0,3.8,2025-12-17,N,Electronics,2022-06-18,customer301@example.com,0,30,2,166,1444,62100
CUST101007,M,28.0,Seoul,Silver,9,156800.0,687900.0,2.3,2026-06-11,Y,Fashion,2021-03-03,customer1007@example.com,1,20,3,-10,1916,76433
CUST101467,M,34.0,Busan,Gold,10,242500.0,445600.0,4.1,2026-03-31,N,Electronics,2024-03-29,customer1467@example.com,1,30,2,62,794,44560
CUST100152,M,20.0,Gwangju,Basic,13,117500.0,259700.0,3.8,2026-06-02,N,Food,2020-11-26,customer152@example.com,1,20,2,-1,2013,19976
CUST101230,F,18.0,Seoul,Silver,13,211000.0,1060200.0,3.4,2026-05-29,N,Electronics,2021-06-07,customer1230@example.com,1,10,3,3,1820,81553
CUST100651,M,43.0,Seoul,Gold,10,176500.0,917700.0,2.4,2026-04-28,Y,Food,2025-09-24,customer651@example.com,1,40,3,34,250,91770
CUST100553,F,48.0,Gyeonggi,Vip,7,239800.0,1037400.0,2.6,2026-05-11,N,Beauty,2023-02-22,customer553@example.com,1,40,3,21,1195,148200
CUST101389,F,21.0,Seoul,Gold,8,229200.0,1060200.0,4.0,2026-03-04,Y,Electronics,2020-09-15,customer1389@example.com,0,20,3,89,2085,132525
CUST100729,M,39.0,Seoul,Silver,11,191600.0,594300.0,4.1,2026-05-02,Y,Electronics,2023-08-16,customer729@example.com,1,30,3,30,1020,54027
CUST100621,M,49.0,Incheon,Silver,12,72700.0,471200.0,3.2,2026-06-18,N,Sports,2022-07-29,customer621@example.com,0,40,2,-17,1403,39266
CUST100178,F,32.0,Seoul,Silver,9,137000.0,496200.0,3.2,2026-02-23,N,Electronics,2021-10-08,customer178@example.com,1,30,2,98,1697,55133
CUST100089,M,35.0,Seoul,Silver,10,147100.0,270600.0,4.2,2026-05-12,N,Food,2023-06-18,customer89@example.com,1,30,2,20,1079,27060
CUST100202,M,33.0,Seoul,Vip,13,117500.0,610700.0,4.7,2026-04-01,N,Home,2022-10-10,customer202@example.com,1,30,3,61,1330,46976
CUST100371,M,25.0,Gyeonggi,Gold,8,93300.0,93600.0,4.4,2026-03-01,N,Home,2024-06-29,customer371@example.com,0,20,1,92,702,11700
CUST101120,F,18.0,Gyeonggi,Gold,10,138400.0,646000.0,2.9,2026-04-13,N,Beauty,2025-01-08,customer1120@example.com,0,10,3,49,509,64600
CUST101179,M,45.0,Seoul,Basic,11,66300.0,371000.0,3.9,2026-04-05,N,Food,2021-08-18,customer1179@example.com,1,40,2,57,1748,33727
CUST100040,F,53.0,Daejeon,Basic,14,88500.0,601300.0,3.5,2025-10-27,N,Home,2025-03-06,customer40@example.com,1,50,3,217,452,42950
CUST100492,F,39.0,Incheon,Vip,8,246700.0,734000.0,3.9,2026-03-22,N,Food,2021-03-15,customer492@example.com,1,30,3,71,1904,91750
CUST101227,F,39.0,Seoul,Basic,10,147300.0,271200.0,4.5,2026-05-01,Y,Electronics,2024-11-03,customer1227@example.com,0,30,2,31,575,27120
CUST101108,M,30.0,Daejeon,Basic,11,177100.0,713100.0,3.0,2026-05-02,N,Electronics,2024-08-06,customer1108@example.com,1,30,3,30,664,64827
CUST100423,F,49.0,Gwangju,Silver,13,89500.0,439100.0,3.7,2026-06-03,N,Food,2025-09-05,customer423@example.com,1,40,2,-2,269,33776
CUST100090,M,47.0,Gyeonggi,Basic,1,57500.0,59000.0,4.7,2026-03-13,N,Fashion,2021-05-04,customer90@example.com,0,40,1,80,1854,59000
CUST100226,F,21.0,Daejeon,Gold,5,131800.0,262100.0,2.7,2026-05-18,N,Beauty,2021-12-01,customer226@example.com,1,20,2,14,1643,52420
CUST100334,F,47.0,Busan,Silver,12,117500.0,836500.0,3.4,2026-05-01,N,Electronics,2021-05-09,customer334@example.com,1,40,3,31,1849,69708
CUST100723,M,52.0,Gwangju,Silver,11,119100.0,337600.0,3.6,2025-11-02,N,Home,2023-05-05,customer723@example.com,0,50,2,211,1123,30690
CUST101011,F,36.0,Busan,Basic,6,120100.0,116400.0,3.6,2026-04-01,N,Beauty,2025-09-27,customer1011@example.com,0,30,1,61,247,19400
CUST101324,F,42.0,Seoul,Basic,8,176100.0,524700.0,3.0,2026-03-04,N,Sports,2022-08-21,customer1324@example.com,1,40,2,89,1380,65587
CUST101119,F,47.0,Busan,Gold,9,191600.0,901600.0,3.6,2026-06-04,Y,Beauty,2024-01-14,customer1119@example.com,1,40,3,-3,869,100177
CUST100116,F,27.0,Daejeon,Basic,15,209400.0,1060200.0,3.0,2026-04-09,N,Food,2022-04-24,customer116@example.com,1,20,3,53,1499,70680
CUST100589,F,30.0,Seoul,Basic,7,117500.0,281100.0,3.5,2026-04-27,N,Electronics,2021-03-08,customer589@example.com,1,30,2,35,1911,40157
CUST100129,F,41.0,Seoul,Basic,12,132800.0,435400.0,2.9,2026-05-20,Y,Food,2021-10-07,customer129@example.com,0,40,2,12,1698,36283
CUST101091,F,26.0,Gwangju,Basic,14,132400.0,832400.0,3.4,2026-03-19,Y,Beauty,2024-03-04,customer1091@example.com,1,20,3,74,819,59457
CUST101274,M,48.0,Seoul,Silver,3,157300.0,157700.0,5.0,2026-04-17,Y,Electronics,2022-12-21,customer1274@example.com,0,40,1,45,1258,52566
CUST100487,F,57.0,Seoul,Basic,9,116200.0,469400.0,3.3,2026-04-10,Y,Electronics,2023-12-31,customer487@example.com,1,50,2,52,883,52155
CUST100570,F,40.0,Gyeonggi,Silver,10,144900.0,822600.0,3.3,2026-06-03,N,Fashion,2025-07-17,customer570@example.com,1,40,3,-2,319,82260
CUST100656,F,47.0,Seoul,Basic,11,69600.0,204100.0,2.3,2026-03-16,N,Fashion,2024-10-30,customer656@example.com,0,40,2,77,579,18554
CUST100922,F,43.0,Daegu,Silver,6,78000.0,147300.0,4.9,2026-01-31,Y,Food,2025-05-19,customer922@example.com,0,40,1,121,378,24550
CUST101263,F,30.0,Seoul,Silver,11,86500.0,280700.0,3.8,2026-06-06,Y,Beauty,2021-03-30,customer1263@example.com,1,30,2,-5,1889,25518
CUST100577,F,20.0,Daejeon,Basic,10,145500.0,254200.0,4.0,2026-06-03,N,Beauty,2021-10-21,customer577@example.com,1,20,2,-2,1684,25420
CUST101245,M,34.0,Gwangju,Gold,7,196200.0,574000.0,2.2,2026-04-17,N,Electronics,2023-08-01,customer1245@example.com,0,30,3,45,1035,82000
CUST100138,M,39.0,Daejeon,Silver,17,141800.0,718400.0,3.8,2026-05-04,Y,Home,2022-10-16,customer138@example.com,1,30,3,28,1324,42258
CUST100777,F,42.0,Busan,Basic,5,11200.0,20300.0,3.5,2026-06-02,Y,Fashion,2022-04-11,customer777@example.com,1,40,1,-1,1512,4060
CUST100614,F,53.0,Seoul,Gold,9,117500.0,222700.0,4.4,2026-05-19,Y,Fashion,2025-02-20,customer614@example.com,1,50,2,13,466,24744
CUST100374,F,30.0,Seoul,Silver,7,122900.0,324400.0,3.8,2026-06-11,Y,Beauty,2022-05-05,customer374@example.com,0,30,2,-10,1488,46342
CUST100702,M,51.0,Busan,Silver,6,106400.0,202400.0,3.1,2026-05-13,N,Fashion,2021-12-13,customer702@example.com,1,50,2,19,1631,33733
CUST101220,M,35.0,Gyeonggi,Basic,10,77100.0,333900.0,2.0,2026-03-27,N,Fashion,2023-01-25,customer1220@example.com,0,30,2,66,1223,33390
CUST100404,F,40.0,Seoul,Basic,8,71800.0,251500.0,4.7,2026-03-06,Y,Sports,2021-01-05,customer404@example.com,0,40,2,87,1973,31437
CUST100385,F,28.0,Daejeon,Silver,7,29500.0,98000.0,3.8,2026-04-12,N,Food,2022-02-11,customer385@example.com,0,20,1,50,1571,14000
CUST100671,M,47.0,Gyeonggi,Gold,9,117500.0,211700.0,3.3,2026-06-09,Y,Beauty,2025-03-05,customer671@example.com,1,40,2,-8,453,23522
CUST100016,F,32.0,Gyeonggi,Basic,7,96600.0,180300.0,3.2,2025-12-08,Y,Home,2023-11-11,customer16@example.com,1,30,1,175,933,25757
CUST100516,F,49.0,Daegu,Silver,5,124300.0,142700.0,4.2,2025-12-29,N,Fashion,2020-11-07,customer516@example.com,0,40,1,154,2032,28540
CUST100880,M,27.0,Daejeon,Basic,9,99800.0,258800.0,4.0,2026-05-04,N,Electronics,2025-06-06,customer880@example.com,0,20,2,28,360,28755
CUST100696,F,39.0,Seoul,Basic,10,118500.0,398100.0,4.3,2026-04-16,Y,Beauty,2024-09-08,customer696@example.com,1,30,2,46,631,39810
CUST100444,F,29.0,Busan,Basic,14,105100.0,473000.0,3.6,2026-06-08,N,Beauty,2024-03-23,customer444@example.com,0,20,2,-7,800,33785
CUST100460,M,48.0,Seoul,Basic,6,63600.0,124600.0,3.3,2025-11-09,Y,Beauty,2020-08-20,customer460@example.com,0,40,1,204,2111,20766
CUST100254,F,37.0,Seoul,Basic,10,74500.0,385000.0,2.6,2026-06-13,N,Food,2024-02-26,customer254@example.com,0,30,2,-12,826,38500
CUST101089,F,36.0,Incheon,Basic,16,140000.0,417300.0,3.0,2026-05-08,N,Fashion,2020-07-06,customer1089@example.com,1,30,2,24,2156,26081
CUST100754,F,35.0,Seoul,Vip,8,246700.0,532900.0,4.2,2026-06-05,Y,Fashion,2023-10-13,customer754@example.com,1,30,2,-4,962,66612
CUST100416,F,29.0,Incheon,Basic,15,65200.0,318600.0,2.7,2026-06-22,N,Home,2025-02-05,customer416@example.com,1,20,2,-21,481,21240
CUST100949,M,51.0,Gyeonggi,Silver,6,34900.0,59700.0,4.4,2026-03-15,N,Fashion,2023-05-18,customer949@example.com,0,50,1,78,1110,9950
CUST100258,F,43.0,Seoul,Vip,13,199200.0,1060200.0,3.2,2026-04-30,Y,Beauty,2021-09-24,customer258@example.com,1,40,3,32,1711,81553
CUST100392,M,43.0,Gyeonggi,Basic,9,138700.0,417000.0,4.0,2026-04-28,N,Electronics,2022-01-19,customer392@example.com,0,40,2,34,1594,46333
CUST100809,F,42.0,Gyeonggi,Basic,11,172700.0,799600.0,4.5,2026-03-14,Y,Electronics,2025-05-15,customer809@example.com,1,40,3,79,382,72690
CUST101044,F,47.0,Daejeon,Gold,6,104300.0,92800.0,4.3,2026-05-14,N,Food,2023-11-27,customer1044@example.com,1,40,1,18,917,15466
CUST100737,M,47.0,Seoul,Basic,14,134600.0,486200.0,1.4,2026-02-10,Y,Beauty,2022-02-17,customer737@example.com,1,40,2,111,1565,34728
CUST100506,M,30.0,Busan,Silver,8,113100.0,383600.0,4.0,2026-05-15,Y,Electronics,2024-10-31,customer506@example.com,0,30,2,17,578,47950
CUST101260,F,45.0,Seoul,Basic,6,98000.0,221300.0,2.4,2026-05-09,N,Food,2020-10-04,customer1260@example.com,0,40,2,23,2066,36883
